0,0,2.0
10,0,5.0
14,0,4.0
16,0,5.0
17,0,1.0
19,0,1.0
22,0,1.0
23,0,4.0
27,0,5.0
30,0,1.0
32,0,4.0
33,0,5.0
34,0,5.0
35,0,5.0
36,0,1.0
39,0,1.0
41,0,5.0
50,0,4.0
56,0,1.0
62,1,4.0
63,0,1.0
64,7,3.0
67,0,1.0
68,0,1.0
68,13,1.0
69,0,5.0
71,0,4.0
73,0,4.0
75,0,5.0
76,0,2.0
81,0,5.0
83,0,5.0
90,0,4.0
91,0,3.0
93,6,2.0
95,0,5.0
95,0,3.0
95,6,3.0
95,7,5.0
96,0,5.0
99,0,1.0
100,0,5.0
101,13,5.0
101,22,3.0
101,22,4.0
105,13,1.0
105,22,1.0
107,0,5.0
108,10,5.0
109,0,5.0
112,7,3.0
112,13,5.0
112,13,5.0
112,13,5.0
114,0,1.0
115,0,5.0
116,0,5.0
117,0,4.0
119,0,5.0
120,0,4.0
122,0,5.0
126,0,5.0
127,0,5.0
131,0,1.0
132,0,4.0
141,0,4.0
142,5,5.0
145,1,5.0
146,0,4.0
147,0,5.0
148,0,4.0
148,22,2.0
149,2,1.0
149,5,2.0
151,0,4.0
153,0,4.0
154,0,1.0
155,7,4.0
156,0,1.0
157,0,5.0
158,6,5.0
159,0,5.0
159,7,4.0
162,0,5.0
167,0,1.0
167,5,3.0
167,7,5.0
167,10,5.0
170,0,5.0
171,0,5.0
172,0,2.0
172,7,3.0
175,0,5.0
176,0,5.0
176,5,4.0
177,0,5.0
180,0,1.0
181,0,3.0
185,0,5.0
186,0,4.0
190,0,2.0
194,3,3.0
194,17,5.0
198,0,5.0
203,0,1.0
205,0,5.0
205,1,5.0
208,0,1.0
208,2,4.0
208,5,1.0
208,13,4.0
209,0,4.0
210,0,5.0
214,0,3.0
215,1,4.0
216,0,5.0
216,0,1.0
217,0,3.0
221,0,5.0
222,0,4.0
226,0,5.0
226,1,2.0
228,0,2.0
231,0,4.0
232,0,2.0
233,0,3.0
234,0,5.0
235,0,4.0
237,7,5.0
240,5,4.0
243,0,1.0
244,0,5.0
249,0,5.0
250,0,4.0
252,0,5.0
255,0,1.0
256,0,2.0
258,0,5.0
260,0,4.0
267,0,1.0
268,0,5.0
273,0,5.0
276,0,5.0
278,0,4.0
280,0,5.0
281,0,2.0
285,0,4.0
291,0,4.0
291,11,4.0
292,0,5.0
293,0,1.0
294,0,2.0
297,0,4.0
299,4,5.0
300,0,2.0
301,0,3.0
303,0,4.0
304,1,1.0
308,0,3.0
310,0,5.0
312,0,5.0
313,0,5.0
314,0,1.0
314,2,1.0
315,0,5.0
317,0,5.0
324,0,5.0
328,0,5.0
328,1,5.0
329,0,5.0
331,0,5.0
332,0,1.0
333,0,4.0
333,7,5.0
335,0,3.0
335,1,5.0
335,4,1.0
335,13,4.0
338,0,5.0
343,1,5.0
346,1,2.0
346,5,5.0
346,22,5.0
348,0,3.0
349,0,5.0
349,6,1.0
351,0,5.0
352,0,1.0
357,0,5.0
358,0,5.0
359,0,5.0
361,0,5.0
363,0,5.0
365,0,4.0
367,0,5.0
368,0,1.0
370,0,5.0
372,0,5.0
380,0,5.0
380,0,5.0
382,0,5.0
383,0,3.0
384,0,4.0
384,22,2.0
385,0,5.0
389,0,1.0
390,0,4.0
391,0,5.0
393,0,4.0
394,0,3.0
397,0,5.0
404,1,5.0
406,0,5.0
409,0,5.0
413,0,4.0
418,0,5.0
420,5,3.0
421,0,5.0
426,0,4.0
429,0,1.0
431,0,2.0
431,2,5.0
431,5,5.0
431,7,3.0
434,0,5.0
437,0,2.0
437,2,5.0
446,7,3.0
447,0,4.0
453,0,5.0
454,0,2.0
456,0,5.0
458,0,5.0
460,0,5.0
461,0,2.0
461,11,1.0
462,0,5.0
463,0,5.0
468,0,4.0
476,0,1.0
478,0,2.0
480,0,2.0
482,0,3.0
483,0,1.0
492,0,4.0
493,0,1.0
493,1,5.0
494,0,4.0
495,0,2.0
498,0,3.0
499,0,5.0
501,0,4.0
506,0,1.0
506,22,4.0
508,0,2.0
509,0,5.0
511,0,5.0
512,0,3.0
513,0,2.0
514,0,5.0
516,0,2.0
521,5,3.0
522,0,5.0
523,0,5.0
524,0,5.0
528,0,5.0
529,0,1.0
529,17,1.0
533,0,4.0
536,0,2.0
539,0,5.0
541,0,1.0
541,22,5.0
542,11,5.0
546,0,3.0
551,0,5.0
553,0,5.0
554,0,4.0
557,0,2.0
562,0,5.0
564,8,3.0
564,8,4.0
564,21,4.0
566,0,4.0
566,5,2.0
567,0,3.0
569,0,5.0
570,0,4.0
573,0,1.0
573,13,3.0
575,0,4.0
579,0,4.0
582,22,4.0
583,0,4.0
585,16,3.0
587,1,5.0
589,0,5.0
592,0,5.0
594,0,5.0
595,5,4.0
597,0,5.0
599,0,4.0
600,0,5.0
602,5,1.0
602,6,1.0
603,0,5.0
608,0,5.0
618,0,1.0
618,4,5.0
618,13,1.0
623,0,5.0
628,0,4.0
630,0,5.0
632,0,4.0
632,5,5.0
632,9,5.0
633,0,4.0
634,0,2.0
635,0,2.0
635,5,4.0
635,5,4.0
635,6,2.0
635,13,4.0
638,11,5.0
639,0,5.0
641,1,3.0
643,0,4.0
647,0,5.0
648,0,3.0
650,0,1.0
651,0,4.0
656,0,5.0
656,0,5.0
656,0,5.0
656,2,1.0
656,4,4.0
656,5,4.0
656,5,5.0
656,5,5.0
656,5,5.0
656,7,1.0
656,13,5.0
656,13,1.0
656,13,1.0
656,13,4.0
656,13,3.0
656,22,5.0
660,0,1.0
660,13,1.0
661,0,4.0
662,0,1.0
663,0,5.0
664,0,5.0
667,0,5.0
675,0,3.0
678,0,3.0
681,0,5.0
695,0,5.0
699,7,5.0
703,0,5.0
705,0,5.0
711,0,5.0
713,0,5.0
714,0,5.0
715,0,1.0
717,7,4.0
718,0,4.0
719,0,1.0
720,0,5.0
720,22,2.0
720,22,5.0
722,7,4.0
727,0,5.0
731,0,4.0
731,5,3.0
731,10,1.0
731,13,1.0
732,7,1.0
737,0,3.0
737,5,1.0
737,13,5.0
739,0,5.0
740,0,2.0
740,13,4.0
741,0,3.0
741,2,1.0
741,5,3.0
741,13,2.0
741,15,4.0
741,22,4.0
741,22,5.0
742,0,2.0
745,0,1.0
748,0,1.0
749,0,4.0
756,0,4.0
757,0,3.0
759,0,4.0
767,0,2.0
769,0,5.0
769,7,1.0
776,2,3.0
777,0,1.0
777,5,5.0
778,0,1.0
778,6,5.0
779,6,1.0
780,0,5.0
781,0,5.0
782,0,1.0
783,0,5.0
785,0,4.0
787,0,1.0
790,13,5.0
791,0,1.0
795,0,5.0
795,3,2.0
796,10,5.0
797,0,3.0
807,0,3.0
807,0,2.0
809,0,1.0
812,0,1.0
812,13,4.0
813,0,1.0
814,0,1.0
815,1,1.0
816,0,3.0
816,1,4.0
817,0,5.0
818,0,1.0
823,0,5.0
830,0,4.0
831,0,4.0
832,0,2.0
833,0,5.0
836,0,5.0
845,0,5.0
849,0,5.0
850,0,5.0
855,0,5.0
857,0,1.0
859,0,5.0
862,0,3.0
871,0,5.0
880,0,5.0
881,0,5.0
883,0,4.0
885,0,5.0
886,0,5.0
887,0,5.0
889,0,4.0
890,0,1.0
891,0,5.0
893,0,5.0
894,0,4.0
894,1,5.0
897,0,2.0
899,0,5.0
904,0,5.0
910,0,5.0
912,0,5.0
913,0,5.0
915,0,2.0
926,1,5.0
926,6,5.0
932,0,5.0
933,0,4.0
933,13,1.0
937,0,5.0
939,2,4.0
939,6,1.0
941,0,5.0
948,0,5.0
950,0,5.0
955,0,1.0
955,9,1.0
955,11,5.0
957,0,3.0
958,5,3.0
963,0,3.0
967,0,4.0
970,0,4.0
972,0,5.0
972,5,4.0
973,0,4.0
977,0,3.0
978,0,5.0
978,2,5.0
979,0,5.0
982,1,5.0
984,0,4.0
984,6,1.0
984,10,5.0
984,16,5.0
985,0,4.0
988,1,1.0
989,0,4.0
990,0,5.0
991,0,3.0
991,10,1.0
996,0,5.0
1001,0,1.0
1004,0,1.0
1005,0,4.0
1006,0,5.0
1008,0,1.0
1014,0,1.0
1017,0,4.0
1017,7,4.0
1017,13,2.0
1017,22,4.0
1021,0,1.0
1022,0,5.0
1030,0,5.0
1031,0,5.0
1033,0,5.0
1034,0,3.0
1036,0,1.0
1037,0,5.0
1040,0,5.0
1041,0,2.0
1041,4,3.0
1042,0,1.0
1044,0,1.0
1045,0,4.0
1045,2,3.0
1046,0,4.0
1048,0,4.0
1049,0,5.0
1051,0,5.0
1052,0,5.0
1052,1,3.0
1053,0,5.0
1055,0,3.0
1056,0,4.0
1056,1,2.0
1056,5,3.0
1056,11,4.0
1057,0,5.0
1058,0,5.0
1063,13,2.0
1068,0,5.0
1072,0,5.0
1075,0,2.0
1076,0,1.0
1080,0,4.0
1090,0,4.0
1091,0,5.0
1092,0,4.0
1095,0,5.0
1096,0,5.0
1097,0,5.0
1102,0,1.0
1104,0,4.0
1107,0,3.0
1110,0,3.0
1113,1,1.0
1113,7,2.0
1113,7,5.0
1113,10,1.0
1113,22,2.0
1115,0,5.0
1117,0,4.0
1118,0,5.0
1126,19,5.0
1127,0,4.0
1128,0,3.0
1129,0,5.0
1133,0,5.0
1133,1,3.0
1135,0,5.0
1137,0,4.0
1141,0,5.0
1143,0,5.0
1147,0,3.0
1148,0,5.0
1151,0,3.0
1151,10,5.0
1152,0,5.0
1155,0,3.0
1157,0,3.0
1158,0,5.0
1159,0,5.0
1161,0,5.0
1163,5,3.0
1164,0,5.0
1167,0,5.0
1168,0,5.0
1171,0,2.0
1172,0,4.0
1176,0,4.0
1178,0,5.0
1180,0,5.0
1181,0,5.0
1185,0,4.0
1185,7,5.0
1185,11,4.0
1185,11,5.0
1188,0,4.0
1189,0,5.0
1195,0,4.0
1201,0,5.0
1202,0,2.0
1203,0,3.0
1208,0,5.0
1210,0,1.0
1212,0,5.0
1216,0,5.0
1217,0,5.0
1219,13,5.0
1221,0,4.0
1223,0,4.0
1225,0,4.0
1225,7,5.0
1226,0,4.0
1231,0,3.0
1232,0,5.0
1238,0,5.0
1239,0,4.0
1240,0,5.0
1242,0,4.0
1244,0,4.0
1246,0,2.0
1250,0,1.0
1252,0,5.0
1259,0,3.0
1263,0,1.0
1264,0,5.0
1267,0,4.0
1272,0,1.0
1273,0,5.0
1278,1,4.0
1279,7,4.0
1279,13,5.0
1282,1,4.0
1282,22,3.0
1288,1,5.0
1290,1,4.0
1293,1,4.0
1308,1,5.0
1309,1,4.0
1311,1,5.0
1315,1,4.0
1316,1,5.0
1318,1,5.0
1319,1,3.0
1324,1,3.0
1332,6,1.0
1333,1,4.0
1335,13,1.0
1335,13,5.0
1338,5,4.0
1338,15,5.0
1348,1,3.0
1353,1,2.0
1356,1,1.0
1358,1,5.0
1360,1,5.0
1363,1,5.0
1364,1,1.0
1366,1,4.0
1368,1,1.0
1369,1,1.0
1370,1,5.0
1372,1,3.0
1379,1,5.0
1384,5,5.0
1384,6,1.0
1384,8,5.0
1396,1,3.0
1397,1,5.0
1398,7,5.0
1409,1,5.0
1411,1,5.0
1417,1,5.0
1419,1,5.0
1420,1,1.0
1434,1,4.0
1435,1,4.0
1442,1,3.0
1446,2,3.0
1446,10,4.0
1450,1,3.0
1456,1,5.0
1468,1,4.0
1468,10,4.0
1468,13,5.0
1470,1,5.0
1472,1,1.0
1473,1,5.0
1473,5,3.0
1473,10,5.0
1484,1,5.0
1485,4,1.0
1485,7,5.0
1485,11,5.0
1487,5,4.0
1495,1,5.0
1497,1,4.0
1499,5,3.0
1499,5,5.0
1499,7,5.0
1499,7,5.0
1499,10,1.0
1499,11,4.0
1499,13,4.0
1499,22,4.0
1500,1,5.0
1502,1,5.0
1504,7,5.0
1510,1,4.0
1513,1,5.0
1521,1,5.0
1522,1,4.0
1523,1,5.0
1524,1,5.0
1527,1,5.0
1532,1,5.0
1535,1,1.0
1535,13,5.0
1538,1,1.0
1541,1,1.0
1541,20,5.0
1544,1,5.0
1546,1,3.0
1550,1,1.0
1550,5,1.0
1550,6,1.0
1550,11,5.0
1552,1,5.0
1554,1,1.0
1555,1,3.0
1561,1,5.0
1561,1,3.0
1562,1,4.0
1563,1,1.0
1563,13,5.0
1566,1,3.0
1575,1,2.0
1578,1,4.0
1579,12,4.0
1584,1,5.0
1596,1,5.0
1597,1,4.0
1599,1,3.0
1599,2,5.0
1599,5,5.0
1599,22,5.0
1601,1,2.0
1604,1,4.0
1609,1,1.0
1610,1,1.0
1612,1,5.0
1615,1,1.0
1616,1,5.0
1621,1,4.0
1634,1,4.0
1637,22,3.0
1641,13,4.0
1645,5,4.0
1646,5,4.0
1646,13,5.0
1648,1,1.0
1649,1,5.0
1649,10,1.0
1650,1,1.0
1651,1,4.0
1652,7,5.0
1658,1,4.0
1665,1,2.0
1667,1,2.0
1672,1,4.0
1682,1,1.0
1687,1,4.0
1690,1,5.0
1690,22,4.0
1692,1,5.0
1693,1,5.0
1695,1,5.0
1707,1,5.0
1712,1,2.0
1715,1,4.0
1718,1,4.0
1718,5,1.0
1721,1,2.0
1721,2,5.0
1722,1,4.0
1725,15,5.0
1726,1,5.0
1730,1,4.0
1735,1,5.0
1736,10,1.0
1736,11,1.0
1740,1,1.0
1743,1,4.0
1744,1,4.0
1745,1,5.0
1747,1,3.0
1754,1,5.0
1758,1,5.0
1759,1,5.0
1764,1,5.0
1769,1,1.0
1770,1,5.0
1772,1,2.0
1772,5,5.0
1772,10,3.0
1772,13,5.0
1772,13,1.0
1773,1,5.0
1775,13,1.0
1778,1,3.0
1780,1,1.0
1786,7,3.0
1792,7,3.0
1802,1,1.0
1805,1,5.0
1807,1,5.0
1808,1,5.0
1809,1,1.0
1813,1,5.0
1814,1,4.0
1816,1,5.0
1823,1,5.0
1824,1,1.0
1824,7,5.0
1825,1,5.0
1828,1,3.0
1833,1,4.0
1835,1,5.0
1841,1,4.0
1845,1,5.0
1853,1,5.0
1857,1,1.0
1858,1,4.0
1863,1,3.0
1869,1,4.0
1875,2,2.0
1876,1,5.0
1877,1,5.0
1879,1,1.0
1888,1,3.0
1890,1,3.0
1891,1,5.0
1892,1,4.0
1894,1,4.0
1895,1,1.0
1897,1,2.0
1897,7,5.0
1898,1,4.0
1899,1,5.0
1900,1,4.0
1901,1,5.0
1904,1,1.0
1910,1,5.0
1912,1,5.0
1915,1,5.0
1917,10,1.0
1917,13,1.0
1917,13,1.0
1919,1,5.0
1920,1,5.0
1926,1,5.0
1929,11,5.0
1934,1,5.0
1939,1,5.0
1940,1,5.0
1942,1,1.0
1944,5,3.0
1944,11,5.0
1944,11,1.0
1948,1,5.0
1951,1,4.0
1953,1,4.0
1955,7,5.0
1960,1,1.0
1963,1,5.0
1970,1,5.0
1977,1,5.0
1979,5,1.0
1979,12,3.0
1981,1,4.0
1984,1,4.0
1987,1,3.0
1991,1,4.0
1994,1,5.0
1995,1,4.0
1997,1,5.0
2001,1,5.0
2005,1,1.0
2007,1,5.0
2009,1,5.0
2010,1,1.0
2018,1,4.0
2019,1,1.0
2020,1,5.0
2025,1,5.0
2029,1,3.0
2030,1,5.0
2032,6,5.0
2033,1,5.0
2040,1,3.0
2040,1,4.0
2040,7,2.0
2043,1,1.0
2047,1,1.0
2056,1,3.0
2060,1,5.0
2061,1,5.0
2064,1,5.0
2066,1,5.0
2068,1,5.0
2070,1,5.0
2073,1,1.0
2077,7,4.0
2081,1,5.0
2082,1,2.0
2084,1,5.0
2097,1,5.0
2103,1,5.0
2104,1,5.0
2110,1,5.0
2114,1,4.0
2117,1,3.0
2118,1,5.0
2122,1,5.0
2129,1,5.0
2130,7,5.0
2134,1,2.0
2137,1,5.0
2143,1,4.0
2148,1,1.0
2150,1,2.0
2155,1,1.0
2158,1,1.0
2162,1,5.0
2170,1,5.0
2174,1,1.0
2175,1,1.0
2176,1,4.0
2185,1,4.0
2186,1,4.0
2186,5,1.0
2186,10,1.0
2189,1,4.0
2192,1,4.0
2193,1,5.0
2196,1,5.0
2197,1,5.0
2197,2,1.0
2197,7,2.0
2198,1,4.0
2204,1,5.0
2205,1,5.0
2206,1,2.0
2208,1,4.0
2210,1,4.0
2214,1,5.0
2215,1,4.0
2215,7,5.0
2217,1,1.0
2218,1,5.0
2219,1,4.0
2221,1,4.0
2223,1,3.0
2229,1,4.0
2238,5,4.0
2239,1,5.0
2240,1,1.0
2244,1,1.0
2248,1,5.0
2249,8,5.0
2255,1,4.0
2257,1,4.0
2258,7,5.0
2258,14,5.0
2259,1,5.0
2261,1,5.0
2264,1,5.0
2270,7,1.0
2272,1,5.0
2275,1,1.0
2276,1,5.0
2280,1,5.0
2282,1,5.0
2291,7,1.0
2299,1,5.0
2309,1,3.0
2310,5,5.0
2310,13,3.0
2311,1,5.0
2312,1,5.0
2313,1,5.0
2316,1,5.0
2325,1,4.0
2329,1,1.0
2332,1,1.0
2333,1,5.0
2334,1,1.0
2337,1,1.0
2344,1,1.0
2347,1,5.0
2350,7,4.0
2352,1,5.0
2356,1,5.0
2359,1,5.0
2360,1,1.0
2362,1,5.0
2366,1,2.0
2376,1,4.0
2378,1,1.0
2378,2,1.0
2381,1,2.0
2385,1,5.0
2387,1,5.0
2392,1,5.0
2396,1,3.0
2398,1,1.0
2399,1,5.0
2406,1,5.0
2407,1,5.0
2415,1,1.0
2416,1,2.0
2425,1,3.0
2428,1,4.0
2435,1,5.0
2436,1,2.0
2443,1,5.0
2448,1,4.0
2453,1,5.0
2456,1,5.0
2466,2,5.0
2467,1,5.0
2470,22,1.0
2473,1,1.0
2478,1,4.0
2481,8,5.0
2484,1,5.0
2489,1,2.0
2492,1,2.0
2492,13,1.0
2496,10,3.0
2499,1,1.0
2501,1,4.0
2503,1,5.0
2505,1,5.0
2518,1,5.0
2524,1,1.0
2526,1,3.0
2527,1,5.0
2532,1,1.0
2537,1,1.0
2543,1,4.0
2546,1,5.0
2550,1,5.0
2551,1,5.0
2552,1,5.0
2554,1,4.0
2555,1,5.0
2563,1,4.0
2565,1,5.0
2566,5,4.0
2566,11,5.0
2570,1,4.0
2578,1,4.0
2579,1,5.0
2585,1,5.0
2586,1,5.0
2592,1,5.0
2594,1,5.0
2595,1,4.0
2602,1,5.0
2603,6,5.0
2610,1,3.0
2614,1,5.0
2616,1,5.0
2620,1,5.0
2624,1,4.0
2625,1,4.0
2627,1,1.0
2632,6,3.0
2632,7,1.0
2632,13,5.0
2633,1,3.0
2633,5,1.0
2635,5,1.0
2635,10,5.0
2637,1,5.0
2643,1,1.0
2646,1,5.0
2649,1,5.0
2650,1,3.0
2652,1,5.0
2660,1,5.0
2668,1,5.0
2670,1,1.0
2671,1,5.0
2674,1,4.0
2675,1,5.0
2676,5,3.0
2677,22,5.0
2679,1,4.0
2680,1,1.0
2683,1,1.0
2684,1,5.0
2685,1,5.0
2685,7,5.0
2691,1,4.0
2692,1,4.0
2693,1,5.0
2697,5,5.0
2697,7,4.0
2697,7,4.0
2697,13,5.0
2701,1,2.0
2710,1,5.0
2711,22,5.0
2713,5,4.0
2717,1,2.0
2725,10,1.0
2730,13,5.0
2736,1,5.0
2737,1,1.0
2737,12,5.0
2740,1,1.0
2748,1,1.0
2753,1,5.0
2754,1,1.0
2755,5,1.0
2755,5,3.0
2756,1,5.0
2759,1,5.0
2760,5,5.0
2760,10,4.0
2763,6,3.0
2763,6,4.0
2765,1,5.0
2766,1,5.0
2766,22,5.0
2772,4,1.0
2773,1,3.0
2776,1,5.0
2777,1,5.0
2778,1,1.0
2784,1,3.0
2791,1,5.0
2792,1,2.0
2794,1,5.0
2796,1,5.0
2799,1,5.0
2801,1,4.0
2802,1,3.0
2806,1,5.0
2807,1,3.0
2807,5,4.0
2810,1,5.0
2811,1,5.0
2812,1,5.0
2813,1,1.0
2814,1,5.0
2816,1,1.0
2817,1,4.0
2818,1,2.0
2822,1,5.0
2823,1,5.0
2826,1,3.0
2828,1,5.0
2837,1,5.0
2838,1,4.0
2845,1,5.0
2846,1,5.0
2852,1,5.0
2858,1,4.0
2861,1,1.0
2862,1,4.0
2864,1,2.0
2869,1,4.0
2873,1,3.0
2875,1,5.0
2880,1,3.0
2880,2,4.0
2880,10,5.0
2884,1,2.0
2888,1,5.0
2889,1,4.0
2895,1,4.0
2901,1,4.0
2905,1,5.0
2906,1,5.0
2913,1,5.0
2917,1,5.0
2919,1,5.0
2922,1,5.0
2925,1,4.0
2926,1,5.0
2927,1,5.0
2934,1,5.0
2937,1,4.0
2947,1,4.0
2950,5,2.0
2953,1,5.0
2956,13,1.0
2957,1,4.0
2963,1,4.0
2964,1,1.0
2970,1,3.0
2976,1,5.0
2979,1,4.0
2981,1,4.0
2983,1,1.0
2985,1,3.0
2990,1,5.0
2995,1,5.0
3004,10,3.0
3013,1,4.0
3018,1,5.0
3020,1,2.0
3022,1,4.0
3025,1,5.0
3026,1,5.0
3027,1,3.0
3027,6,5.0
3027,6,5.0
3031,13,5.0
3033,1,2.0
3038,1,4.0
3039,6,1.0
3039,9,5.0
3039,21,1.0
3040,1,4.0
3042,1,2.0
3043,1,4.0
3044,1,4.0
3045,1,5.0
3047,1,5.0
3051,1,4.0
3056,1,5.0
3058,1,5.0
3061,1,1.0
3064,1,2.0
3068,1,5.0
3069,1,5.0
3071,1,4.0
3072,1,5.0
3074,1,3.0
3082,1,5.0
3083,1,5.0
3084,1,2.0
3086,1,5.0
3088,1,5.0
3089,1,5.0
3095,1,1.0
3099,1,5.0
3101,1,5.0
3102,1,3.0
3105,1,3.0
3107,1,3.0
3109,7,5.0
3111,1,4.0
3114,1,2.0
3114,11,5.0
3114,13,1.0
3129,1,5.0
3139,1,4.0
3141,1,3.0
3148,1,1.0
3148,5,2.0
3151,1,5.0
3152,1,1.0
3152,19,3.0
3159,1,4.0
3161,1,5.0
3164,1,5.0
3165,1,1.0
3166,1,2.0
3166,13,2.0
3167,1,1.0
3167,13,1.0
3168,1,4.0
3177,1,5.0
3181,1,4.0
3183,1,5.0
3184,1,5.0
3188,1,5.0
3190,1,1.0
3194,1,5.0
3200,1,1.0
3201,1,5.0
3204,1,1.0
3213,1,5.0
3214,7,4.0
3214,16,4.0
3219,1,1.0
3224,1,3.0
3226,1,1.0
3229,1,4.0
3239,1,4.0
3240,1,5.0
3241,1,5.0
3246,1,1.0
3251,7,5.0
3254,1,5.0
3259,1,5.0
3262,1,5.0
3271,13,1.0
3272,1,4.0
3274,1,5.0
3275,9,5.0
3277,1,4.0
3278,1,1.0
3281,1,5.0
3284,1,1.0
3284,7,5.0
3286,1,2.0
3291,1,5.0
3292,1,5.0
3295,1,5.0
3298,1,5.0
3303,1,4.0
3311,10,2.0
3312,1,5.0
3315,1,5.0
3327,22,5.0
3331,1,1.0
3331,5,1.0
3333,1,1.0
3334,1,5.0
3335,1,5.0
3337,1,5.0
3342,1,3.0
3350,1,5.0
3353,1,5.0
3354,1,5.0
3358,1,4.0
3359,1,4.0
3364,1,4.0
3368,1,3.0
3371,1,5.0
3371,22,4.0
3372,1,5.0
3377,11,5.0
3378,1,5.0
3380,1,5.0
3384,1,5.0
3384,5,1.0
3386,7,4.0
3387,1,1.0
3394,1,3.0
3397,1,5.0
3399,1,4.0
3405,1,4.0
3406,1,1.0
3414,1,5.0
3416,1,5.0
3418,1,4.0
3422,1,5.0
3431,1,1.0
3434,1,2.0
3436,1,5.0
3437,1,5.0
3439,1,2.0
3442,1,4.0
3447,1,5.0
3448,1,1.0
3453,1,1.0
3459,1,4.0
3461,1,5.0
3463,1,5.0
3464,1,5.0
3472,1,1.0
3473,1,4.0
3479,1,5.0
3485,1,4.0
3487,2,4.0
3488,2,4.0
3496,2,5.0
3497,2,5.0
3498,2,5.0
3502,2,3.0
3503,2,5.0
3504,2,2.0
3506,2,1.0
3510,2,4.0
3517,2,5.0
3518,2,5.0
3520,2,5.0
3526,2,5.0
3529,2,5.0
3530,2,5.0
3536,2,5.0
3541,2,4.0
3546,2,5.0
3547,7,5.0
3550,2,4.0
3562,2,5.0
3568,2,3.0
3570,2,4.0
3571,2,1.0
3577,2,4.0
3579,2,3.0
3588,2,4.0
3590,2,4.0
3591,2,5.0
3592,2,3.0
3594,2,1.0
3604,2,1.0
3606,2,4.0
3611,2,3.0
3613,2,5.0
3615,2,4.0
3617,2,5.0
3620,2,5.0
3623,7,2.0
3623,13,5.0
3624,2,1.0
3628,2,4.0
3630,2,5.0
3631,2,4.0
3632,2,5.0
3633,2,4.0
3637,2,5.0
3638,2,5.0
3643,2,4.0
3644,2,5.0
3648,2,5.0
3650,2,1.0
3651,2,5.0
3653,2,5.0
3654,2,3.0
3656,2,3.0
3658,2,5.0
3660,2,1.0
3663,2,5.0
3668,2,1.0
3670,2,2.0
3671,2,1.0
3673,20,1.0
3674,2,2.0
3676,2,4.0
3676,15,5.0
3678,2,4.0
3679,2,1.0
3680,2,4.0
3680,6,3.0
3681,2,3.0
3687,2,5.0
3688,2,5.0
3690,2,5.0
3692,2,5.0
3694,2,1.0
3695,2,4.0
3698,2,4.0
3702,2,4.0
3706,2,1.0
3711,2,5.0
3713,2,5.0
3717,2,4.0
3721,2,5.0
3725,2,5.0
3729,2,1.0
3733,2,4.0
3737,2,5.0
3741,2,5.0
3743,2,4.0
3745,2,4.0
3746,2,5.0
3749,2,4.0
3751,2,5.0
3752,2,1.0
3756,13,2.0
3760,2,3.0
3761,2,4.0
3762,2,5.0
3766,2,5.0
3767,2,5.0
3768,2,5.0
3769,2,4.0
3772,2,5.0
3773,2,5.0
3774,2,1.0
3777,2,4.0
3779,2,3.0
3780,2,4.0
3781,2,4.0
3783,2,4.0
3784,2,1.0
3785,2,5.0
3786,2,5.0
3787,2,5.0
3788,2,2.0
3789,2,5.0
3792,2,5.0
3793,2,5.0
3794,2,5.0
3795,2,4.0
3797,2,5.0
3801,2,5.0
3802,2,5.0
3803,2,3.0
3804,2,1.0
3804,7,1.0
3804,22,3.0
3806,2,4.0
3807,2,5.0
3808,2,3.0
3810,2,5.0
3812,2,4.0
3813,2,4.0
3814,2,4.0
3815,2,4.0
3816,2,5.0
3817,2,5.0
3819,2,4.0
3820,2,3.0
3824,2,4.0
3826,2,4.0
3830,2,2.0
3836,2,5.0
3838,7,4.0
3840,2,5.0
3842,2,4.0
3849,2,2.0
3851,2,5.0
3856,2,5.0
3862,4,1.0
3870,2,1.0
3873,2,5.0
3874,2,5.0
3876,2,3.0
3879,2,5.0
3882,2,1.0
3885,2,5.0
3886,2,3.0
3887,2,1.0
3889,11,1.0
3889,16,5.0
3893,2,5.0
3894,2,3.0
3895,2,3.0
3901,2,4.0
3902,2,5.0
3907,2,2.0
3912,2,5.0
3915,2,5.0
3917,2,5.0
3917,5,2.0
3918,2,5.0
3919,2,5.0
3921,2,4.0
3921,5,1.0
3922,11,1.0
3924,2,2.0
3925,2,5.0
3928,2,5.0
3931,2,5.0
3932,2,5.0
3935,2,4.0
3940,2,5.0
3941,2,5.0
3943,2,1.0
3945,2,5.0
3949,2,4.0
3950,2,4.0
3955,2,4.0
3957,2,1.0
3958,2,2.0
3959,2,5.0
3960,10,5.0
3960,12,4.0
3965,2,3.0
3966,2,4.0
3967,2,4.0
3975,2,4.0
3977,2,2.0
3979,2,5.0
3981,2,1.0
3985,2,4.0
3991,2,5.0
3993,2,4.0
3994,2,4.0
3999,2,3.0
4004,2,5.0
4009,2,3.0
4013,2,5.0
4015,2,2.0
4019,2,3.0
4022,2,5.0
4024,2,5.0
4025,2,4.0
4026,2,3.0
4028,2,1.0
4032,2,5.0
4034,2,5.0
4036,10,1.0
4036,22,2.0
4037,7,5.0
4038,2,5.0
4039,2,5.0
4054,2,2.0
4058,2,1.0
4061,2,4.0
4067,2,5.0
4069,2,5.0
4071,2,4.0
4073,2,5.0
4075,2,5.0
4079,2,5.0
4081,2,4.0
4083,2,5.0
4084,2,4.0
4085,2,4.0
4088,2,5.0
4089,2,4.0
4091,2,5.0
4093,2,5.0
4094,7,2.0
4101,2,4.0
4102,2,5.0
4109,2,4.0
4110,2,5.0
4112,2,5.0
4113,2,3.0
4115,2,1.0
4120,2,3.0
4121,2,1.0
4123,2,4.0
4124,2,5.0
4127,2,4.0
4128,2,5.0
4131,2,5.0
4137,2,5.0
4139,2,1.0
4142,2,4.0
4146,2,4.0
4155,2,5.0
4165,2,3.0
4165,7,5.0
4167,2,1.0
4174,2,1.0
4180,2,5.0
4183,2,5.0
4185,2,3.0
4186,2,4.0
4188,2,1.0
4189,2,5.0
4192,2,4.0
4193,18,1.0
4194,2,4.0
4198,2,4.0
4199,2,4.0
4203,2,5.0
4205,2,5.0
4209,2,4.0
4211,2,4.0
4212,2,5.0
4214,2,5.0
4215,2,5.0
4216,2,3.0
4220,2,3.0
4220,22,1.0
4228,2,3.0
4228,13,3.0
4230,11,3.0
4231,2,2.0
4240,2,1.0
4242,7,4.0
4245,2,5.0
4246,2,3.0
4247,2,1.0
4249,2,5.0
4250,2,5.0
4252,2,4.0
4256,2,1.0
4257,2,2.0
4262,2,5.0
4265,2,1.0
4269,2,3.0
4270,2,4.0
4272,2,5.0
4274,2,1.0
4275,5,3.0
4275,7,1.0
4278,2,2.0
4279,2,5.0
4281,2,4.0
4282,2,4.0
4283,2,5.0
4284,2,4.0
4285,2,5.0
4286,5,1.0
4288,2,4.0
4290,2,4.0
4292,2,5.0
4294,2,3.0
4297,2,5.0
4299,2,3.0
4303,2,5.0
4308,2,5.0
4314,2,5.0
4317,2,4.0
4318,2,4.0
4321,2,5.0
4324,2,1.0
4332,2,1.0
4336,2,5.0
4339,2,1.0
4341,2,5.0
4344,2,4.0
4345,2,5.0
4346,2,5.0
4347,2,5.0
4349,2,5.0
4351,2,1.0
4352,2,3.0
4364,2,5.0
4368,2,4.0
4370,2,5.0
4373,2,5.0
4374,2,3.0
4375,2,2.0
4376,2,5.0
4380,2,5.0
4386,2,5.0
4387,2,5.0
4388,2,2.0
4391,2,5.0
4394,2,5.0
4397,2,5.0
4401,2,1.0
4402,2,4.0
4404,2,4.0
4405,2,4.0
4408,2,5.0
4411,2,5.0
4412,2,4.0
4413,2,1.0
4417,2,5.0
4419,2,3.0
4423,2,4.0
4424,2,3.0
4425,2,5.0
4426,2,5.0
4428,2,3.0
4429,2,5.0
4430,2,5.0
4432,2,1.0
4433,2,4.0
4439,2,5.0
4440,13,1.0
4450,2,5.0
4458,2,2.0
4461,2,1.0
4463,2,5.0
4465,2,5.0
4466,2,5.0
4466,5,3.0
4468,2,5.0
4471,2,2.0
4473,2,5.0
4474,2,5.0
4475,2,5.0
4475,2,5.0
4476,2,4.0
4479,2,5.0
4480,2,5.0
4485,2,2.0
4485,5,1.0
4487,2,1.0
4488,2,4.0
4489,2,1.0
4492,2,5.0
4493,2,5.0
4494,2,1.0
4495,2,5.0
4498,7,5.0
4498,13,2.0
4508,5,1.0
4520,2,5.0
4521,2,4.0
4522,2,4.0
4530,10,1.0
4533,2,5.0
4535,2,4.0
4537,2,5.0
4537,6,1.0
4537,10,5.0
4544,2,5.0
4547,2,4.0
4550,2,4.0
4554,2,5.0
4554,3,2.0
4554,4,1.0
4554,11,1.0
4566,2,5.0
4567,2,5.0
4568,2,5.0
4569,2,2.0
4570,2,2.0
4576,2,5.0
4581,2,5.0
4587,2,1.0
4588,2,3.0
4594,2,5.0
4597,2,5.0
4598,2,5.0
4599,2,5.0
4600,2,5.0
4601,2,5.0
4604,2,5.0
4609,2,5.0
4610,2,5.0
4614,2,5.0
4618,2,5.0
4619,2,5.0
4621,2,5.0
4622,2,3.0
4624,2,5.0
4626,2,5.0
4627,2,5.0
4629,2,5.0
4633,2,2.0
4646,2,5.0
4647,2,5.0
4647,7,5.0
4650,2,4.0
4653,2,5.0
4654,2,4.0
4657,2,3.0
4661,2,5.0
4665,2,4.0
4666,2,1.0
4673,2,3.0
4674,2,1.0
4674,5,4.0
4678,2,5.0
4679,2,5.0
4684,2,4.0
4689,2,1.0
4704,2,5.0
4710,13,4.0
4715,2,5.0
4727,2,4.0
4728,2,5.0
4729,2,5.0
4731,2,4.0
4733,2,5.0
4734,2,5.0
4738,2,4.0
4740,2,4.0
4743,2,5.0
4749,2,5.0
4750,2,4.0
4752,2,5.0
4756,2,5.0
4759,2,4.0
4762,2,5.0
4763,2,5.0
4765,2,1.0
4770,2,5.0
4771,2,4.0
4771,13,1.0
4778,2,1.0
4780,2,3.0
4782,2,1.0
4787,2,5.0
4789,2,3.0
4790,2,2.0
4792,2,2.0
4796,2,4.0
4796,5,3.0
4801,2,4.0
4802,2,1.0
4805,2,3.0
4811,3,3.0
4811,5,5.0
4811,6,1.0
4811,22,3.0
4812,5,4.0
4814,3,4.0
4816,7,3.0
4817,7,3.0
4819,3,5.0
4832,3,5.0
4835,3,5.0
4837,3,3.0
4841,3,5.0
4841,7,2.0
4841,22,2.0
4844,5,1.0
4855,3,5.0
4863,3,5.0
4875,3,5.0
4881,3,4.0
4883,3,1.0
4887,3,1.0
4890,3,5.0
4899,3,5.0
4940,3,5.0
4945,3,4.0
4949,3,3.0
4962,11,1.0
4970,6,2.0
4975,3,4.0
4978,3,1.0
4984,3,4.0
4985,3,4.0
4988,3,5.0
4993,3,5.0
5002,5,4.0
5014,4,5.0
5020,4,4.0
5021,4,5.0
5033,11,4.0
5036,4,5.0
5045,4,5.0
5048,4,3.0
5048,7,3.0
5050,4,2.0
5052,4,5.0
5053,4,4.0
5055,4,5.0
5061,4,5.0
5062,4,1.0
5065,4,5.0
5068,4,5.0
5077,4,3.0
5077,7,1.0
5078,4,5.0
5081,4,5.0
5088,4,5.0
5094,4,5.0
5106,4,4.0
5107,4,1.0
5108,4,4.0
5112,4,3.0
5112,7,5.0
5113,4,4.0
5114,4,2.0
5122,4,1.0
5128,4,4.0
5129,4,5.0
5132,4,5.0
5133,4,2.0
5139,4,1.0
5147,4,1.0
5151,4,4.0
5155,4,1.0
5160,22,5.0
5166,4,3.0
5178,4,5.0
5179,4,4.0
5181,4,4.0
5190,4,4.0
5203,4,5.0
5206,4,3.0
5207,4,5.0
5207,15,5.0
5209,4,5.0
5212,4,5.0
5223,4,5.0
5227,4,4.0
5227,5,5.0
5227,6,1.0
5227,11,4.0
5227,21,1.0
5230,4,5.0
5232,4,4.0
5237,4,4.0
5240,4,5.0
5244,4,4.0
5250,4,5.0
5254,4,4.0
5255,22,5.0
5264,4,4.0
5268,4,4.0
5272,9,1.0
5277,4,2.0
5278,4,4.0
5280,4,5.0
5282,4,1.0
5290,4,5.0
5293,4,1.0
5296,4,5.0
5298,4,5.0
5307,4,5.0
5314,4,2.0
5330,4,5.0
5331,4,5.0
5332,4,1.0
5340,4,4.0
5346,4,5.0
5352,4,4.0
5361,4,5.0
5369,4,2.0
5370,4,1.0
5370,5,2.0
5370,11,4.0
5371,4,2.0
5380,4,5.0
5381,4,1.0
5386,4,5.0
5391,4,5.0
5392,4,5.0
5395,4,2.0
5421,4,1.0
5423,4,1.0
5423,5,1.0
5423,7,1.0
5426,4,5.0
5430,4,3.0
5434,4,5.0
5445,4,5.0
5446,4,5.0
5448,4,4.0
5451,4,5.0
5452,7,5.0
5452,11,5.0
5462,4,5.0
5475,4,2.0
5476,4,4.0
5477,4,5.0
5478,4,1.0
5480,4,5.0
5492,4,3.0
5499,4,4.0
5505,11,3.0
5513,4,1.0
5517,4,5.0
5522,4,5.0
5523,4,5.0
5534,4,2.0
5546,4,4.0
5552,13,5.0
5553,4,5.0
5556,4,5.0
5559,4,4.0
5566,4,1.0
5567,4,5.0
5571,4,5.0
5574,4,4.0
5577,4,1.0
5579,4,5.0
5582,4,5.0
5586,4,4.0
5594,4,4.0
5594,5,1.0
5595,4,3.0
5597,4,4.0
5600,4,5.0
5603,4,3.0
5604,4,5.0
5608,4,5.0
5608,4,3.0
5611,4,3.0
5611,4,4.0
5612,4,4.0
5615,4,3.0
5620,4,5.0
5626,4,5.0
5627,4,1.0
5630,4,3.0
5631,4,5.0
5633,4,3.0
5641,4,5.0
5643,4,5.0
5655,4,5.0
5657,4,4.0
5660,4,1.0
5666,4,4.0
5675,4,4.0
5676,4,5.0
5678,4,2.0
5689,4,1.0
5692,4,4.0
5695,4,4.0
5696,4,5.0
5701,4,1.0
5707,4,2.0
5716,4,1.0
5718,4,4.0
5735,4,2.0
5736,4,1.0
5739,4,1.0
5746,4,1.0
5747,4,1.0
5750,4,3.0
5750,5,4.0
5753,4,5.0
5755,7,1.0
5761,4,4.0
5765,4,5.0
5770,13,1.0
5771,4,5.0
5773,4,3.0
5776,4,3.0
5780,4,5.0
5781,4,5.0
5782,4,4.0
5785,4,5.0
5787,4,5.0
5794,4,4.0
5795,4,1.0
5795,6,1.0
5798,4,1.0
5804,4,1.0
5813,9,5.0
5813,10,5.0
5814,4,5.0
5831,4,3.0
5833,4,5.0
5833,13,1.0
5844,4,5.0
5853,4,5.0
5855,4,2.0
5862,4,1.0
5872,4,4.0
5875,4,1.0
5877,4,5.0
5880,4,2.0
5885,4,5.0
5886,4,3.0
5890,7,5.0
5898,5,5.0
5899,5,5.0
5901,5,5.0
5907,5,3.0
5907,10,4.0
5909,5,5.0
5911,5,4.0
5915,5,1.0
5915,15,5.0
5916,5,4.0
5920,5,5.0
5927,5,5.0
5929,5,4.0
5931,5,5.0
5932,5,4.0
5933,5,5.0
5934,5,5.0
5935,5,1.0
5942,5,5.0
5942,7,2.0
5944,5,5.0
5945,5,3.0
5947,6,1.0
5951,5,2.0
5953,5,1.0
5955,5,5.0
5963,5,5.0
5966,5,5.0
5967,5,4.0
5968,5,5.0
5969,7,5.0
5970,5,5.0
5973,5,3.0
5974,5,5.0
5975,5,5.0
5981,5,5.0
5982,5,4.0
5984,11,1.0
5987,5,1.0
5995,5,4.0
5995,10,5.0
6011,5,5.0
6013,5,5.0
6014,5,3.0
6014,5,1.0
6020,5,1.0
6024,5,5.0
6032,5,5.0
6033,5,4.0
6035,5,1.0
6035,13,4.0
6046,5,1.0
6052,5,5.0
6061,5,1.0
6063,5,2.0
6065,5,4.0
6066,5,5.0
6068,5,5.0
6069,5,4.0
6070,5,3.0
6076,5,5.0
6080,5,1.0
6081,5,1.0
6085,5,5.0
6087,5,5.0
6088,5,2.0
6091,6,5.0
6093,5,5.0
6096,5,5.0
6104,5,5.0
6105,5,5.0
6112,5,5.0
6114,5,4.0
6117,5,1.0
6119,5,4.0
6121,5,4.0
6122,5,1.0
6126,5,1.0
6127,5,4.0
6128,5,1.0
6129,5,1.0
6130,5,5.0
6131,5,4.0
6137,5,1.0
6140,5,2.0
6141,5,5.0
6146,5,4.0
6151,5,5.0
6157,5,5.0
6159,5,2.0
6162,5,5.0
6163,5,5.0
6164,5,1.0
6167,5,5.0
6170,5,1.0
6173,5,1.0
6176,5,5.0
6178,5,5.0
6181,5,1.0
6183,5,4.0
6191,5,2.0
6193,5,5.0
6198,5,1.0
6199,5,4.0
6203,5,1.0
6207,5,5.0
6210,5,5.0
6211,5,1.0
6214,5,5.0
6215,5,5.0
6216,5,5.0
6217,5,4.0
6219,5,5.0
6229,5,5.0
6232,5,1.0
6237,5,5.0
6238,5,5.0
6239,5,5.0
6241,5,5.0
6242,5,5.0
6243,5,5.0
6244,5,4.0
6247,5,1.0
6248,5,5.0
6250,5,3.0
6260,5,5.0
6262,5,2.0
6263,5,4.0
6266,5,5.0
6268,5,4.0
6269,5,2.0
6270,5,5.0
6275,6,1.0
6275,22,5.0
6276,5,1.0
6277,5,1.0
6278,5,5.0
6278,5,5.0
6284,5,5.0
6286,5,4.0
6297,5,5.0
6298,5,2.0
6304,5,5.0
6305,5,5.0
6310,5,1.0
6315,5,2.0
6319,5,5.0
6324,5,1.0
6326,5,1.0
6329,5,5.0
6331,5,5.0
6332,5,5.0
6335,5,4.0
6337,5,1.0
6339,5,1.0
6340,5,4.0
6340,7,3.0
6342,5,5.0
6342,5,5.0
6347,5,5.0
6349,5,5.0
6352,5,5.0
6357,5,2.0
6359,5,1.0
6362,5,5.0
6363,5,5.0
6368,5,4.0
6374,5,4.0
6378,5,2.0
6385,5,1.0
6390,5,4.0
6393,5,1.0
6394,5,4.0
6395,5,4.0
6399,22,1.0
6405,5,2.0
6408,5,5.0
6409,5,1.0
6418,5,5.0
6419,5,4.0
6425,5,4.0
6428,5,5.0
6430,5,5.0
6431,5,5.0
6439,5,4.0
6440,5,4.0
6444,5,3.0
6449,5,5.0
6452,5,4.0
6454,5,5.0
6455,5,1.0
6456,5,5.0
6457,5,5.0
6458,5,1.0
6460,22,4.0
6461,5,5.0
6462,5,4.0
6466,5,1.0
6469,5,5.0
6470,5,3.0
6473,5,5.0
6475,5,5.0
6477,5,4.0
6481,5,4.0
6484,5,4.0
6485,5,5.0
6485,5,5.0
6485,5,4.0
6486,5,4.0
6490,5,5.0
6491,5,5.0
6498,5,2.0
6500,5,3.0
6501,13,4.0
6502,5,4.0
6505,5,2.0
6507,5,5.0
6511,5,5.0
6518,5,3.0
6522,5,5.0
6523,5,5.0
6524,5,5.0
6530,5,5.0
6532,5,5.0
6534,5,4.0
6535,13,3.0
6537,5,3.0
6537,13,1.0
6542,5,5.0
6543,5,2.0
6544,5,3.0
6547,5,5.0
6549,8,5.0
6552,5,5.0
6556,5,3.0
6558,5,5.0
6560,5,5.0
6561,5,4.0
6562,5,5.0
6564,5,5.0
6567,5,5.0
6580,5,2.0
6581,5,3.0
6583,5,1.0
6588,5,4.0
6592,5,4.0
6596,5,1.0
6611,5,3.0
6613,5,4.0
6616,6,1.0
6616,10,5.0
6618,5,5.0
6620,5,5.0
6627,5,4.0
6628,5,1.0
6631,5,5.0
6632,5,5.0
6634,5,5.0
6639,5,5.0
6643,5,4.0
6647,5,3.0
6649,5,1.0
6650,5,5.0
6650,11,4.0
6651,5,3.0
6651,5,1.0
6651,13,5.0
6652,5,5.0
6657,5,4.0
6660,5,5.0
6663,5,1.0
6665,5,4.0
6667,5,5.0
6670,5,3.0
6674,5,5.0
6675,5,4.0
6682,5,3.0
6684,5,5.0
6686,5,1.0
6688,5,4.0
6690,5,4.0
6691,5,5.0
6695,5,5.0
6696,5,5.0
6702,5,5.0
6704,5,4.0
6705,5,2.0
6707,5,5.0
6708,5,5.0
6711,5,4.0
6713,5,5.0
6717,5,5.0
6719,5,1.0
6721,5,5.0
6726,5,4.0
6732,5,4.0
6736,5,5.0
6742,5,5.0
6743,5,4.0
6745,5,5.0
6750,5,1.0
6755,5,5.0
6755,7,5.0
6755,13,1.0
6756,5,1.0
6758,5,4.0
6759,5,5.0
6761,5,3.0
6762,5,5.0
6763,5,1.0
6764,5,1.0
6764,7,1.0
6764,11,1.0
6764,22,1.0
6771,5,4.0
6773,5,5.0
6774,5,2.0
6778,5,1.0
6781,5,5.0
6782,5,5.0
6787,5,4.0
6788,5,4.0
6789,5,5.0
6791,5,5.0
6797,5,5.0
6800,13,1.0
6804,5,4.0
6806,5,5.0
6807,5,5.0
6809,5,1.0
6810,11,5.0
6816,5,5.0
6817,5,5.0
6818,5,5.0
6821,5,5.0
6822,5,5.0
6825,5,3.0
6832,5,5.0
6838,5,5.0
6838,7,5.0
6840,5,1.0
6843,5,1.0
6847,5,5.0
6848,5,4.0
6849,5,5.0
6852,5,5.0
6855,5,5.0
6858,5,5.0
6868,5,5.0
6869,5,5.0
6871,5,5.0
6876,11,5.0
6876,11,1.0
6878,5,3.0
6879,5,5.0
6885,5,5.0
6887,5,2.0
6889,5,4.0
6894,5,5.0
6897,5,4.0
6898,5,4.0
6901,5,5.0
6904,5,4.0
6907,5,5.0
6911,5,5.0
6912,5,4.0
6913,5,4.0
6916,5,5.0
6917,5,5.0
6919,5,5.0
6922,5,4.0
6929,5,1.0
6933,5,5.0
6934,5,3.0
6934,7,1.0
6940,5,4.0
6941,5,4.0
6942,5,2.0
6943,5,5.0
6945,5,4.0
6949,5,1.0
6952,5,3.0
6955,5,4.0
6958,5,3.0
6962,5,3.0
6963,5,4.0
6965,5,3.0
6967,5,4.0
6968,5,4.0
6968,11,2.0
6970,5,5.0
6973,5,5.0
6977,5,4.0
6982,5,1.0
6983,5,5.0
6984,5,4.0
6985,5,1.0
6989,5,4.0
6995,5,5.0
6996,5,5.0
6999,5,5.0
7000,5,5.0
7000,22,1.0
7004,5,5.0
7005,5,5.0
7007,5,4.0
7008,5,4.0
7016,5,4.0
7021,5,5.0
7022,5,5.0
7024,5,5.0
7025,5,5.0
7027,5,1.0
7028,5,4.0
7030,5,2.0
7034,5,2.0
7039,5,3.0
7042,5,4.0
7045,10,1.0
7048,5,5.0
7050,5,1.0
7052,5,1.0
7053,5,5.0
7057,5,5.0
7058,5,5.0
7065,5,5.0
7070,5,3.0
7072,5,4.0
7076,5,5.0
7077,5,5.0
7080,5,5.0
7083,5,3.0
7084,5,5.0
7088,5,5.0
7094,5,5.0
7097,5,1.0
7100,5,1.0
7101,5,5.0
7103,7,1.0
7103,11,5.0
7103,21,5.0
7103,21,5.0
7103,22,4.0
7112,5,5.0
7114,5,5.0
7118,5,4.0
7120,5,3.0
7121,5,4.0
7122,5,5.0
7123,5,1.0
7125,5,5.0
7125,5,5.0
7126,5,5.0
7132,5,2.0
7137,5,2.0
7138,5,4.0
7138,10,1.0
7140,5,3.0
7143,5,5.0
7144,5,5.0
7150,5,5.0
7152,5,5.0
7154,5,3.0
7155,5,5.0
7162,5,5.0
7163,5,5.0
7166,5,5.0
7169,5,4.0
7170,5,5.0
7176,5,4.0
7180,5,5.0
7183,5,4.0
7185,5,5.0
7186,5,4.0
7188,5,5.0
7189,5,5.0
7191,5,1.0
7192,5,1.0
7192,22,4.0
7196,5,5.0
7197,5,2.0
7202,5,1.0
7209,5,4.0
7214,5,3.0
7215,5,4.0
7216,5,3.0
7219,5,5.0
7222,5,5.0
7225,5,5.0
7236,5,5.0
7237,5,1.0
7238,5,5.0
7245,5,5.0
7248,5,5.0
7251,5,5.0
7253,5,1.0
7256,5,3.0
7259,5,4.0
7263,5,4.0
7264,5,5.0
7269,5,1.0
7274,5,5.0
7276,5,5.0
7279,5,5.0
7280,5,5.0
7282,5,5.0
7283,5,1.0
7285,5,4.0
7286,5,5.0
7288,5,5.0
7290,5,5.0
7291,5,5.0
7292,5,1.0
7295,5,5.0
7296,5,5.0
7299,5,4.0
7303,5,5.0
7305,5,5.0
7312,5,4.0
7315,5,1.0
7323,5,4.0
7324,5,5.0
7325,5,5.0
7331,5,2.0
7332,5,1.0
7333,5,5.0
7333,13,5.0
7335,5,4.0
7341,5,1.0
7342,5,4.0
7345,5,5.0
7347,5,5.0
7348,5,5.0
7355,5,1.0
7358,5,5.0
7359,5,5.0
7368,5,5.0
7369,5,5.0
7370,5,4.0
7373,5,3.0
7382,5,4.0
7383,22,3.0
7386,5,5.0
7387,5,3.0
7390,5,4.0
7391,5,5.0
7392,5,1.0
7395,5,5.0
7397,5,1.0
7398,5,5.0
7399,5,4.0
7403,5,4.0
7410,5,3.0
7418,5,1.0
7419,5,2.0
7420,5,5.0
7420,5,5.0
7423,5,5.0
7424,5,5.0
7426,5,3.0
7428,5,4.0
7429,5,4.0
7430,5,5.0
7431,5,5.0
7432,5,1.0
7435,5,1.0
7437,5,5.0
7438,5,5.0
7444,5,5.0
7446,5,5.0
7449,5,5.0
7450,5,5.0
7452,5,1.0
7455,5,3.0
7457,5,3.0
7460,5,1.0
7461,5,5.0
7468,5,4.0
7471,5,2.0
7474,5,4.0
7477,5,5.0
7486,5,5.0
7490,5,4.0
7499,5,5.0
7501,5,5.0
7512,5,4.0
7513,5,5.0
7514,5,5.0
7515,5,2.0
7521,5,5.0
7523,5,4.0
7527,5,1.0
7528,5,5.0
7529,5,2.0
7530,5,3.0
7531,5,4.0
7531,11,1.0
7533,5,5.0
7541,5,1.0
7543,5,2.0
7552,5,5.0
7558,5,4.0
7559,5,1.0
7562,5,1.0
7566,5,4.0
7569,5,5.0
7570,5,2.0
7572,5,1.0
7576,5,2.0
7577,5,4.0
7584,5,5.0
7586,5,5.0
7587,5,4.0
7587,11,5.0
7588,5,5.0
7589,5,5.0
7592,5,1.0
7598,5,5.0
7604,13,1.0
7606,5,5.0
7611,5,2.0
7619,5,5.0
7624,5,1.0
7626,5,1.0
7626,6,1.0
7626,7,5.0
7626,22,5.0
7627,5,5.0
7629,5,2.0
7630,5,4.0
7639,5,4.0
7643,5,2.0
7644,5,5.0
7645,5,2.0
7646,5,3.0
7653,5,5.0
7655,5,5.0
7661,5,5.0
7666,5,5.0
7667,5,1.0
7668,5,4.0
7669,5,4.0
7672,5,5.0
7674,5,5.0
7675,5,2.0
7679,5,1.0
7685,5,4.0
7690,5,4.0
7691,5,5.0
7696,5,1.0
7697,5,4.0
7698,5,5.0
7701,5,5.0
7703,5,4.0
7704,5,4.0
7706,5,4.0
7712,5,4.0
7714,5,4.0
7717,5,4.0
7719,5,3.0
7720,5,1.0
7721,5,5.0
7722,5,4.0
7726,5,5.0
7729,5,5.0
7733,5,5.0
7739,5,1.0
7742,5,4.0
7744,5,4.0
7746,5,4.0
7749,5,5.0
7750,5,4.0
7752,5,5.0
7753,5,5.0
7754,5,5.0
7759,5,1.0
7760,5,5.0
7763,5,4.0
7765,5,5.0
7768,5,3.0
7769,5,1.0
7775,5,5.0
7775,10,4.0
7776,5,3.0
7778,5,5.0
7781,5,5.0
7782,5,2.0
7782,11,3.0
7783,7,5.0
7794,5,5.0
7802,5,4.0
7803,13,4.0
7806,5,4.0
7810,5,3.0
7811,5,5.0
7815,5,1.0
7828,5,4.0
7828,7,5.0
7829,5,4.0
7830,5,5.0
7832,5,5.0
7841,5,5.0
7844,5,5.0
7845,5,4.0
7848,5,1.0
7849,7,5.0
7850,6,5.0
7856,5,4.0
7858,5,2.0
7859,5,5.0
7860,5,1.0
7864,5,4.0
7866,5,4.0
7867,5,3.0
7868,15,5.0
7872,5,4.0
7874,5,1.0
7880,5,5.0
7882,5,1.0
7883,5,4.0
7885,5,1.0
7887,5,5.0
7889,5,5.0
7892,5,5.0
7895,5,5.0
7896,5,1.0
7897,5,1.0
7899,5,1.0
7902,5,5.0
7906,5,5.0
7909,5,3.0
7912,5,5.0
7925,5,4.0
7931,5,1.0
7933,5,5.0
7935,5,4.0
7937,5,5.0
7942,5,3.0
7943,5,4.0
7948,5,4.0
7949,5,5.0
7950,5,2.0
7955,5,1.0
7956,5,5.0
7957,5,5.0
7958,5,2.0
7959,5,3.0
7959,7,4.0
7960,5,5.0
7963,5,4.0
7965,5,4.0
7966,5,5.0
7973,5,5.0
7976,5,5.0
7989,5,5.0
7990,5,4.0
7994,5,5.0
8002,5,5.0
8007,5,4.0
8008,5,5.0
8011,5,4.0
8012,5,5.0
8014,5,5.0
8018,5,5.0
8020,5,4.0
8022,5,5.0
8026,5,5.0
8032,5,5.0
8034,5,5.0
8037,5,1.0
8047,5,1.0
8049,5,1.0
8051,5,4.0
8056,5,1.0
8057,5,5.0
8060,5,1.0
8061,5,5.0
8063,5,2.0
8064,5,5.0
8069,5,5.0
8070,5,1.0
8072,5,4.0
8075,5,5.0
8076,5,4.0
8077,5,5.0
8080,5,4.0
8082,5,4.0
8082,13,1.0
8083,5,4.0
8084,5,1.0
8084,11,1.0
8086,5,3.0
8086,13,1.0
8090,5,1.0
8093,5,1.0
8094,5,4.0
8095,5,5.0
8098,5,1.0
8100,5,3.0
8102,5,4.0
8103,5,4.0
8115,5,5.0
8118,5,3.0
8119,5,4.0
8120,5,2.0
8121,5,1.0
8122,5,4.0
8128,5,1.0
8131,5,1.0
8132,5,4.0
8136,5,2.0
8137,5,1.0
8139,5,4.0
8142,5,5.0
8143,5,5.0
8145,5,4.0
8147,5,1.0
8148,5,5.0
8153,5,5.0
8156,5,4.0
8157,5,5.0
8160,5,2.0
8161,5,4.0
8162,5,1.0
8164,5,5.0
8166,5,2.0
8168,5,3.0
8170,5,5.0
8174,5,2.0
8175,5,5.0
8176,5,1.0
8180,5,5.0
8181,5,5.0
8184,5,5.0
8186,5,1.0
8187,5,2.0
8193,5,5.0
8194,5,5.0
8195,5,4.0
8199,5,5.0
8204,6,2.0
8207,6,3.0
8208,6,3.0
8210,6,5.0
8212,6,2.0
8213,6,4.0
8218,6,5.0
8220,6,4.0
8221,6,5.0
8223,6,5.0
8225,6,3.0
8226,6,5.0
8227,6,1.0
8228,6,5.0
8229,6,5.0
8231,6,3.0
8231,7,5.0
8232,6,5.0
8233,6,5.0
8234,6,3.0
8236,6,4.0
8237,6,1.0
8238,6,4.0
8239,6,2.0
8240,6,2.0
8240,7,5.0
8242,6,5.0
8243,6,4.0
8245,6,2.0
8246,6,5.0
8249,6,1.0
8253,6,4.0
8254,6,4.0
8255,6,4.0
8256,6,4.0
8257,6,3.0
8258,6,4.0
8258,13,1.0
8260,6,3.0
8261,6,2.0
8262,6,5.0
8265,6,4.0
8266,6,4.0
8267,6,4.0
8271,6,1.0
8272,6,4.0
8274,6,4.0
8276,6,5.0
8277,6,3.0
8278,6,3.0
8279,6,1.0
8280,6,4.0
8282,6,2.0
8283,6,1.0
8284,6,5.0
8285,6,1.0
8286,6,1.0
8287,6,5.0
8288,6,4.0
8289,6,1.0
8291,6,4.0
8292,6,4.0
8294,6,5.0
8295,6,4.0
8296,6,5.0
8298,6,1.0
8299,6,5.0
8300,6,5.0
8301,6,1.0
8301,6,5.0
8302,6,1.0
8303,6,4.0
8304,6,5.0
8305,6,3.0
8306,6,4.0
8307,6,5.0
8309,6,5.0
8311,6,4.0
8312,6,4.0
8313,6,3.0
8314,6,4.0
8316,6,3.0
8317,6,4.0
8318,6,1.0
8320,6,1.0
8321,6,5.0
8322,6,4.0
8323,6,5.0
8324,6,3.0
8325,6,3.0
8326,6,5.0
8327,6,5.0
8328,6,3.0
8329,6,5.0
8330,6,2.0
8331,6,5.0
8332,6,3.0
8332,6,2.0
8333,6,1.0
8334,6,5.0
8335,6,5.0
8335,8,3.0
8336,6,1.0
8337,6,2.0
8340,6,3.0
8342,6,3.0
8343,6,5.0
8344,6,5.0
8345,6,5.0
8347,6,5.0
8348,6,5.0
8349,6,4.0
8352,6,3.0
8353,6,4.0
8356,6,3.0
8358,6,1.0
8359,6,5.0
8360,6,2.0
8361,6,5.0
8362,6,5.0
8363,6,5.0
8364,6,5.0
8365,6,1.0
8367,6,1.0
8368,6,2.0
8370,6,4.0
8371,6,5.0
8372,6,5.0
8374,6,5.0
8376,6,4.0
8377,6,5.0
8379,6,1.0
8381,6,3.0
8382,6,1.0
8383,6,3.0
8384,6,3.0
8386,6,1.0
8387,6,5.0
8389,6,1.0
8392,6,1.0
8394,6,2.0
8395,6,5.0
8397,6,1.0
8398,6,1.0
8399,6,1.0
8400,6,1.0
8402,6,1.0
8405,6,1.0
8406,6,3.0
8407,6,2.0
8408,6,5.0
8409,6,3.0
8411,6,5.0
8414,6,1.0
8415,6,5.0
8415,7,5.0
8417,6,1.0
8418,6,2.0
8420,6,4.0
8421,6,5.0
8422,6,4.0
8423,6,5.0
8425,6,1.0
8426,6,1.0
8428,6,5.0
8429,6,5.0
8430,6,1.0
8431,6,4.0
8432,6,1.0
8433,6,5.0
8434,6,1.0
8436,6,5.0
8439,6,5.0
8441,6,4.0
8442,6,5.0
8443,6,5.0
8444,6,1.0
8445,6,5.0
8446,6,5.0
8447,6,1.0
8448,6,1.0
8449,6,5.0
8454,6,5.0
8457,6,4.0
8458,6,5.0
8459,6,4.0
8461,6,5.0
8462,6,5.0
8463,6,5.0
8468,6,4.0
8471,6,1.0
8472,6,4.0
8472,6,4.0
8472,6,4.0
8473,6,4.0
8474,6,5.0
8475,6,5.0
8476,6,1.0
8477,6,2.0
8479,6,3.0
8482,6,2.0
8488,6,3.0
8489,6,1.0
8490,6,1.0
8491,6,1.0
8494,6,1.0
8495,6,1.0
8498,6,1.0
8499,6,5.0
8503,6,5.0
8507,6,2.0
8510,6,5.0
8511,6,1.0
8512,6,5.0
8513,6,5.0
8514,6,1.0
8516,6,1.0
8517,6,4.0
8518,6,1.0
8519,6,2.0
8520,6,1.0
8521,6,5.0
8522,6,3.0
8523,6,5.0
8524,6,5.0
8525,6,5.0
8527,6,5.0
8528,6,5.0
8529,6,5.0
8530,6,5.0
8531,6,2.0
8533,6,1.0
8534,6,5.0
8535,6,5.0
8536,6,5.0
8537,6,1.0
8538,6,3.0
8540,6,1.0
8543,6,3.0
8544,6,5.0
8545,6,1.0
8546,6,5.0
8547,6,4.0
8549,6,5.0
8550,6,5.0
8551,6,4.0
8552,6,1.0
8555,6,5.0
8557,6,5.0
8558,6,1.0
8562,6,4.0
8564,6,5.0
8565,6,5.0
8566,6,4.0
8567,6,4.0
8568,6,1.0
8569,6,1.0
8571,6,3.0
8572,6,1.0
8573,6,1.0
8576,6,4.0
8579,6,1.0
8580,6,2.0
8582,6,1.0
8584,6,3.0
8585,6,2.0
8588,6,5.0
8594,6,3.0
8597,13,3.0
8599,6,4.0
8601,6,5.0
8603,6,5.0
8605,6,4.0
8606,6,5.0
8608,6,1.0
8609,6,5.0
8611,6,2.0
8612,6,5.0
8613,6,5.0
8615,6,2.0
8616,6,1.0
8617,6,5.0
8619,6,4.0
8621,6,1.0
8622,6,5.0
8623,6,5.0
8624,6,5.0
8625,6,1.0
8626,6,3.0
8628,6,5.0
8629,6,4.0
8630,6,2.0
8631,6,2.0
8632,6,5.0
8633,6,4.0
8635,6,5.0
8636,6,3.0
8638,6,3.0
8641,6,5.0
8643,6,3.0
8645,6,1.0
8646,6,5.0
8647,6,5.0
8648,6,5.0
8649,6,1.0
8651,6,1.0
8652,6,1.0
8654,6,1.0
8655,6,5.0
8656,6,5.0
8657,6,4.0
8658,6,4.0
8660,6,5.0
8661,6,4.0
8662,6,1.0
8663,6,3.0
8664,6,4.0
8665,6,2.0
8666,6,4.0
8669,6,1.0
8670,6,5.0
8671,6,4.0
8672,6,1.0
8673,6,5.0
8674,6,5.0
8675,6,2.0
8678,6,5.0
8681,6,4.0
8682,6,5.0
8683,6,5.0
8684,6,4.0
8685,6,2.0
8686,6,5.0
8687,6,5.0
8688,6,5.0
8689,6,2.0
8690,6,3.0
8691,6,3.0
8693,6,4.0
8695,6,1.0
8697,6,3.0
8698,6,1.0
8701,6,4.0
8702,15,1.0
8703,6,1.0
8704,6,1.0
8705,6,1.0
8706,6,1.0
8707,6,4.0
8708,6,5.0
8709,6,1.0
8711,6,1.0
8712,6,5.0
8713,6,3.0
8714,6,5.0
8715,6,5.0
8717,6,5.0
8719,6,5.0
8720,6,4.0
8721,6,4.0
8722,6,4.0
8723,6,4.0
8724,6,1.0
8725,6,1.0
8729,6,5.0
8730,6,5.0
8732,6,5.0
8733,6,4.0
8734,6,1.0
8735,6,1.0
8736,6,5.0
8737,6,2.0
8738,6,1.0
8739,6,4.0
8740,6,1.0
8741,7,5.0
8743,7,1.0
8745,7,4.0
8748,7,4.0
8749,7,5.0
8753,7,4.0
8754,7,5.0
8755,7,3.0
8757,7,1.0
8758,7,5.0
8760,7,5.0
8760,8,5.0
8765,7,5.0
8771,7,5.0
8772,7,5.0
8773,7,4.0
8776,7,3.0
8777,7,2.0
8778,7,4.0
8780,7,5.0
8782,7,4.0
8783,7,4.0
8785,7,5.0
8788,7,5.0
8789,7,4.0
8789,7,5.0
8790,7,1.0
8791,7,2.0
8791,10,1.0
8792,7,5.0
8793,7,5.0
8794,7,3.0
8795,7,5.0
8797,7,4.0
8799,7,4.0
8801,7,2.0
8804,7,2.0
8805,7,5.0
8809,7,5.0
8810,7,3.0
8811,7,5.0
8812,7,5.0
8817,7,5.0
8818,7,3.0
8819,7,1.0
8821,7,4.0
8825,7,5.0
8826,7,5.0
8828,7,5.0
8832,17,3.0
8838,7,5.0
8839,7,5.0
8840,18,5.0
8843,7,4.0
8844,7,4.0
8845,7,5.0
8849,7,5.0
8850,7,5.0
8851,7,5.0
8852,7,5.0
8853,7,5.0
8854,7,5.0
8855,7,5.0
8859,7,5.0
8862,7,1.0
8863,7,2.0
8864,7,5.0
8865,7,5.0
8867,7,5.0
8869,7,5.0
8872,7,1.0
8873,7,4.0
8875,7,5.0
8876,7,5.0
8877,7,5.0
8879,7,4.0
8880,7,4.0
8882,7,4.0
8885,7,4.0
8886,7,1.0
8887,7,1.0
8888,7,4.0
8889,7,5.0
8890,7,5.0
8891,7,5.0
8893,7,5.0
8894,7,1.0
8895,7,5.0
8897,7,3.0
8898,7,2.0
8899,7,4.0
8900,7,5.0
8901,7,1.0
8902,7,4.0
8904,7,5.0
8905,7,3.0
8907,7,5.0
8909,7,5.0
8913,7,5.0
8916,7,1.0
8918,7,1.0
8921,7,2.0
8922,7,2.0
8923,7,4.0
8926,7,1.0
8927,7,5.0
8928,7,5.0
8929,7,5.0
8932,7,2.0
8933,7,2.0
8934,13,3.0
8942,7,1.0
8944,7,4.0
8946,7,1.0
8949,7,5.0
8955,13,5.0
8956,7,5.0
8958,7,5.0
8961,7,5.0
8962,7,5.0
8965,7,3.0
8966,7,4.0
8968,7,1.0
8969,7,4.0
8970,7,5.0
8971,7,1.0
8972,7,5.0
8974,7,5.0
8975,7,5.0
8978,7,5.0
8979,7,5.0
8980,7,1.0
8981,7,2.0
8982,7,5.0
8983,7,4.0
8985,7,3.0
8987,7,5.0
8989,7,5.0
8990,7,5.0
8991,7,4.0
8993,7,4.0
8994,7,1.0
8999,7,1.0
9000,7,1.0
9001,7,1.0
9002,7,5.0
9003,7,3.0
9004,7,4.0
9005,7,3.0
9008,7,1.0
9011,7,4.0
9013,7,5.0
9017,7,4.0
9018,7,1.0
9023,7,2.0
9025,7,4.0
9026,7,4.0
9027,7,1.0
9028,7,4.0
9029,7,2.0
9030,7,5.0
9032,7,4.0
9033,7,5.0
9036,7,4.0
9039,7,1.0
9039,13,4.0
9040,7,5.0
9041,7,5.0
9043,7,5.0
9044,7,5.0
9046,7,1.0
9048,7,1.0
9050,7,5.0
9050,7,4.0
9051,7,5.0
9053,7,3.0
9056,7,5.0
9058,7,3.0
9059,7,5.0
9060,7,5.0
9063,7,5.0
9065,7,4.0
9066,7,1.0
9068,7,5.0
9069,7,4.0
9070,7,5.0
9072,7,4.0
9072,7,4.0
9073,7,5.0
9074,7,5.0
9075,7,3.0
9077,7,5.0
9078,7,3.0
9082,7,4.0
9083,7,1.0
9084,7,5.0
9085,7,5.0
9087,7,5.0
9091,7,4.0
9092,7,5.0
9094,7,1.0
9095,7,1.0
9096,7,2.0
9099,7,5.0
9100,7,1.0
9101,7,5.0
9103,7,4.0
9104,7,4.0
9106,7,5.0
9107,7,3.0
9119,7,3.0
9120,7,2.0
9121,7,2.0
9123,7,5.0
9127,7,3.0
9128,7,3.0
9129,10,5.0
9135,7,5.0
9138,7,5.0
9143,7,5.0
9144,7,5.0
9145,7,4.0
9145,7,5.0
9147,7,4.0
9150,7,5.0
9151,7,5.0
9153,7,3.0
9154,7,5.0
9155,7,4.0
9156,7,5.0
9157,7,5.0
9158,7,5.0
9159,7,2.0
9160,7,5.0
9161,7,3.0
9167,7,5.0
9168,7,5.0
9170,7,5.0
9172,7,5.0
9174,7,5.0
9175,7,5.0
9176,7,4.0
9178,7,4.0
9181,7,1.0
9182,7,1.0
9183,7,4.0
9184,7,3.0
9185,7,3.0
9187,7,5.0
9189,7,5.0
9190,7,4.0
9191,7,5.0
9193,7,4.0
9194,7,5.0
9195,7,5.0
9198,7,5.0
9199,7,1.0
9200,7,3.0
9201,7,5.0
9202,7,5.0
9204,7,5.0
9206,7,4.0
9208,7,4.0
9209,7,5.0
9210,7,2.0
9211,7,5.0
9213,7,1.0
9215,7,4.0
9216,7,3.0
9220,7,4.0
9223,7,5.0
9224,7,2.0
9226,7,5.0
9229,7,5.0
9230,7,5.0
9232,7,2.0
9237,7,5.0
9238,7,5.0
9239,7,5.0
9241,7,1.0
9245,7,5.0
9252,7,2.0
9255,7,4.0
9256,7,5.0
9257,7,4.0
9258,7,4.0
9262,7,5.0
9265,7,4.0
9267,7,2.0
9269,7,5.0
9270,7,4.0
9275,7,4.0
9276,7,5.0
9280,7,3.0
9281,7,5.0
9282,7,2.0
9284,7,5.0
9286,7,4.0
9288,7,5.0
9288,10,5.0
9289,7,4.0
9289,13,5.0
9290,7,5.0
9292,7,4.0
9294,7,4.0
9295,7,1.0
9296,7,5.0
9298,7,5.0
9300,7,4.0
9304,7,5.0
9305,7,5.0
9306,7,4.0
9309,7,5.0
9310,7,5.0
9311,7,5.0
9314,7,1.0
9317,7,5.0
9318,7,5.0
9321,7,4.0
9323,7,4.0
9325,7,4.0
9325,13,5.0
9328,7,5.0
9329,7,5.0
9336,7,5.0
9337,7,1.0
9338,7,1.0
9339,7,5.0
9341,7,1.0
9342,7,3.0
9342,22,5.0
9344,7,5.0
9345,7,4.0
9346,7,5.0
9347,7,5.0
9348,7,5.0
9351,7,1.0
9353,7,4.0
9354,7,1.0
9355,7,5.0
9360,7,5.0
9361,7,1.0
9364,7,5.0
9365,7,5.0
9367,7,1.0
9368,7,4.0
9374,7,2.0
9377,7,3.0
9377,13,5.0
9380,7,5.0
9385,7,5.0
9386,7,1.0
9389,7,4.0
9390,7,3.0
9391,7,2.0
9393,7,2.0
9395,7,5.0
9396,7,5.0
9397,7,5.0
9398,7,1.0
9399,7,1.0
9401,7,5.0
9403,7,3.0
9404,7,5.0
9406,7,4.0
9408,7,3.0
9422,7,5.0
9423,7,5.0
9424,10,1.0
9426,7,5.0
9428,7,5.0
9429,7,5.0
9433,7,3.0
9434,7,3.0
9436,7,3.0
9440,7,5.0
9441,7,4.0
9443,7,5.0
9444,7,1.0
9446,7,1.0
9447,7,3.0
9448,7,5.0
9449,7,1.0
9450,7,5.0
9452,7,4.0
9453,7,1.0
9462,7,3.0
9463,7,1.0
9464,7,4.0
9465,7,5.0
9467,7,5.0
9469,7,5.0
9472,7,4.0
9476,7,2.0
9477,7,5.0
9478,7,4.0
9479,7,3.0
9481,7,5.0
9483,7,4.0
9486,7,5.0
9487,7,4.0
9488,7,3.0
9490,7,5.0
9490,7,5.0
9490,7,2.0
9491,7,4.0
9494,7,5.0
9495,7,2.0
9502,7,1.0
9503,7,5.0
9505,7,4.0
9506,7,5.0
9507,7,4.0
9510,7,4.0
9511,7,5.0
9512,7,5.0
9516,7,3.0
9517,7,5.0
9526,7,5.0
9529,7,5.0
9533,7,5.0
9537,7,5.0
9538,7,1.0
9543,7,1.0
9544,7,5.0
9550,7,2.0
9553,7,5.0
9554,7,4.0
9560,7,4.0
9561,7,2.0
9562,7,3.0
9564,7,5.0
9565,7,5.0
9566,7,1.0
9567,7,5.0
9569,7,5.0
9570,7,4.0
9570,10,3.0
9571,7,5.0
9572,7,4.0
9573,7,4.0
9577,7,5.0
9579,7,4.0
9580,7,4.0
9583,7,5.0
9584,7,5.0
9585,7,3.0
9587,7,5.0
9588,7,5.0
9589,7,3.0
9590,7,3.0
9591,7,1.0
9593,7,3.0
9594,7,4.0
9595,7,1.0
9596,7,1.0
9597,7,5.0
9598,7,5.0
9600,7,5.0
9601,7,4.0
9603,7,5.0
9607,7,4.0
9610,7,2.0
9611,7,5.0
9614,7,5.0
9616,7,5.0
9617,7,5.0
9620,7,5.0
9621,7,5.0
9622,11,5.0
9623,7,5.0
9625,7,5.0
9626,7,3.0
9627,7,5.0
9628,7,5.0
9630,7,4.0
9631,7,1.0
9635,7,1.0
9639,7,1.0
9642,7,3.0
9643,7,4.0
9645,7,4.0
9647,7,1.0
9648,7,3.0
9653,7,1.0
9654,7,3.0
9655,7,5.0
9659,7,2.0
9660,7,5.0
9660,11,1.0
9661,7,1.0
9663,7,3.0
9667,7,3.0
9669,7,4.0
9672,7,5.0
9673,7,1.0
9674,7,2.0
9675,7,5.0
9677,7,5.0
9678,7,5.0
9681,7,5.0
9684,13,5.0
9689,7,4.0
9691,7,3.0
9694,7,4.0
9697,7,5.0
9700,7,5.0
9700,10,1.0
9705,7,3.0
9707,7,5.0
9709,7,5.0
9712,7,5.0
9714,7,1.0
9720,7,5.0
9723,7,5.0
9725,7,1.0
9727,7,4.0
9729,7,5.0
9733,7,4.0
9734,7,1.0
9735,7,1.0
9736,7,3.0
9737,7,4.0
9740,7,1.0
9741,7,5.0
9745,7,4.0
9746,7,5.0
9749,7,5.0
9751,7,1.0
9752,7,2.0
9753,7,5.0
9758,7,5.0
9760,7,5.0
9762,7,4.0
9768,7,5.0
9769,7,5.0
9771,7,5.0
9772,7,5.0
9773,7,4.0
9776,7,3.0
9777,7,3.0
9778,7,5.0
9779,7,5.0
9780,7,1.0
9782,7,5.0
9783,7,1.0
9785,7,1.0
9789,7,5.0
9791,7,5.0
9795,7,5.0
9796,7,4.0
9797,7,3.0
9798,7,3.0
9799,7,5.0
9802,7,4.0
9803,7,1.0
9805,7,4.0
9806,7,1.0
9810,7,3.0
9811,7,5.0
9812,7,1.0
9813,7,3.0
9817,7,2.0
9819,7,1.0
9825,7,5.0
9828,7,5.0
9831,7,4.0
9832,7,5.0
9833,7,1.0
9839,7,5.0
9841,7,3.0
9843,7,5.0
9847,7,4.0
9850,7,5.0
9852,7,4.0
9853,7,1.0
9855,7,4.0
9857,7,3.0
9860,7,2.0
9862,7,5.0
9863,7,5.0
9864,7,1.0
9865,7,5.0
9866,7,3.0
9870,7,4.0
9873,7,3.0
9874,7,4.0
9875,7,4.0
9876,7,5.0
9880,7,4.0
9881,7,5.0
9882,7,5.0
9884,7,5.0
9885,7,4.0
9886,7,5.0
9887,7,5.0
9889,7,5.0
9890,7,5.0
9894,7,1.0
9897,7,5.0
9901,7,4.0
9905,7,3.0
9907,7,4.0
9910,7,1.0
9911,7,2.0
9913,7,4.0
9915,7,2.0
9917,7,3.0
9918,7,3.0
9921,7,4.0
9922,7,1.0
9923,7,3.0
9924,7,5.0
9927,7,5.0
9928,7,2.0
9929,7,2.0
9930,7,5.0
9936,7,1.0
9937,7,5.0
9938,7,5.0
9939,7,2.0
9941,7,5.0
9944,7,4.0
9947,7,5.0
9948,7,3.0
9949,7,5.0
9950,7,4.0
9951,7,4.0
9954,7,5.0
9955,7,5.0
9956,7,3.0
9956,11,2.0
9958,7,4.0
9959,7,4.0
9960,7,5.0
9962,7,5.0
9965,7,5.0
9966,7,5.0
9967,7,3.0
9968,7,2.0
9969,7,3.0
9970,7,2.0
9975,7,5.0
9976,7,5.0
9977,7,5.0
9979,7,4.0
9980,7,5.0
9981,7,4.0
9983,7,5.0
9986,7,5.0
9987,7,2.0
9990,7,4.0
9991,7,4.0
9992,7,5.0
9995,7,3.0
9997,7,2.0
9999,7,5.0
10000,7,1.0
10002,7,3.0
10003,7,4.0
10004,7,1.0
10005,7,5.0
10006,7,2.0
10007,7,4.0
10009,7,5.0
10010,7,5.0
10013,7,5.0
10015,7,3.0
10016,7,3.0
10017,7,4.0
10020,7,5.0
10023,7,1.0
10026,7,2.0
10027,7,3.0
10029,7,4.0
10035,7,4.0
10038,7,1.0
10040,7,4.0
10041,7,5.0
10042,7,4.0
10043,7,5.0
10044,7,5.0
10044,11,2.0
10044,15,5.0
10048,7,5.0
10049,7,4.0
10050,7,1.0
10052,7,5.0
10053,7,5.0
10054,7,4.0
10056,7,1.0
10058,7,5.0
10059,7,4.0
10061,7,4.0
10062,7,3.0
10063,7,5.0
10065,7,3.0
10069,7,3.0
10070,7,5.0
10071,7,5.0
10072,7,5.0
10073,7,5.0
10076,7,5.0
10079,7,4.0
10081,7,4.0
10082,7,5.0
10085,7,5.0
10086,7,2.0
10087,7,5.0
10088,14,3.0
10092,7,1.0
10093,7,4.0
10095,7,5.0
10098,7,5.0
10101,7,1.0
10103,7,4.0
10107,7,5.0
10110,7,4.0
10113,7,1.0
10116,7,4.0
10119,13,1.0
10119,22,2.0
10121,7,2.0
10124,7,5.0
10125,7,4.0
10129,7,1.0
10132,7,3.0
10134,7,2.0
10135,7,4.0
10139,7,3.0
10141,7,4.0
10142,7,1.0
10143,7,5.0
10144,7,1.0
10145,7,4.0
10146,7,1.0
10148,7,1.0
10149,7,5.0
10150,7,1.0
10152,7,5.0
10153,7,5.0
10154,7,3.0
10155,7,2.0
10158,7,5.0
10160,7,4.0
10161,7,3.0
10162,7,5.0
10163,7,3.0
10165,7,2.0
10167,7,4.0
10168,7,5.0
10169,7,2.0
10170,7,5.0
10171,7,4.0
10172,7,1.0
10174,7,5.0
10175,7,2.0
10177,7,5.0
10180,7,5.0
10181,7,4.0
10183,7,5.0
10185,8,3.0
10186,8,5.0
10187,8,5.0
10188,8,5.0
10189,8,4.0
10190,8,4.0
10191,8,5.0
10192,8,4.0
10193,8,5.0
10194,8,5.0
10195,8,5.0
10196,8,5.0
10197,8,5.0
10198,8,4.0
10199,8,5.0
10200,8,1.0
10201,8,5.0
10202,8,4.0
10203,8,5.0
10204,8,5.0
10205,8,1.0
10206,8,5.0
10207,8,5.0
10208,8,5.0
10209,8,5.0
10210,8,5.0
10211,8,5.0
10212,8,5.0
10212,13,1.0
10213,8,5.0
10214,8,5.0
10215,8,5.0
10215,11,1.0
10216,8,5.0
10217,8,4.0
10218,8,1.0
10220,8,5.0
10221,8,5.0
10222,8,5.0
10223,8,5.0
10224,8,5.0
10225,8,5.0
10226,8,4.0
10227,8,5.0
10228,8,5.0
10229,8,5.0
10230,8,4.0
10231,8,3.0
10232,8,5.0
10233,8,5.0
10234,8,4.0
10235,8,5.0
10236,8,5.0
10237,8,5.0
10238,8,5.0
10239,8,5.0
10240,8,5.0
10241,8,5.0
10242,8,5.0
10243,8,5.0
10244,8,5.0
10245,8,1.0
10246,8,5.0
10247,8,4.0
10248,8,5.0
10249,8,1.0
10250,8,5.0
10251,9,5.0
10252,9,3.0
10253,9,2.0
10254,9,5.0
10255,9,5.0
10257,9,5.0
10257,9,4.0
10257,9,5.0
10257,9,4.0
10258,9,5.0
10259,9,5.0
10260,9,5.0
10261,9,5.0
10262,9,5.0
10263,9,5.0
10263,9,5.0
10264,9,5.0
10265,9,4.0
10266,9,5.0
10267,9,3.0
10268,9,5.0
10270,9,5.0
10271,9,5.0
10272,9,5.0
10273,9,5.0
10274,9,3.0
10275,9,5.0
10276,9,4.0
10277,9,5.0
10278,9,5.0
10279,9,5.0
10280,9,2.0
10281,9,3.0
10282,9,5.0
10283,9,5.0
10284,9,5.0
10284,9,5.0
10285,9,5.0
10285,9,5.0
10286,9,5.0
10287,9,5.0
10288,9,5.0
10289,9,5.0
10290,9,5.0
10291,9,5.0
10292,9,5.0
10293,9,5.0
10294,9,5.0
10295,9,5.0
10296,9,1.0
10297,9,5.0
10298,9,4.0
10299,9,3.0
10300,9,5.0
10301,9,4.0
10302,9,5.0
10303,9,5.0
10304,9,5.0
10305,9,4.0
10306,9,5.0
10307,9,5.0
10308,9,5.0
10309,9,5.0
10310,9,5.0
10311,9,4.0
10312,9,5.0
10313,9,5.0
10314,9,4.0
10315,9,5.0
10316,9,5.0
10322,10,1.0
10324,10,5.0
10326,10,2.0
10327,10,1.0
10331,10,5.0
10332,10,5.0
10337,10,1.0
10342,10,5.0
10346,10,5.0
10351,10,1.0
10353,10,5.0
10364,10,5.0
10366,10,4.0
10368,10,5.0
10371,10,1.0
10374,10,4.0
10381,10,1.0
10386,10,1.0
10405,10,4.0
10410,10,1.0
10411,10,5.0
10412,10,1.0
10414,10,5.0
10416,10,1.0
10417,10,5.0
10425,10,2.0
10426,10,5.0
10435,10,3.0
10436,10,5.0
10441,10,5.0
10442,10,5.0
10443,10,3.0
10449,10,1.0
10451,10,1.0
10454,10,1.0
10456,10,5.0
10459,10,5.0
10464,10,5.0
10467,10,5.0
10469,10,3.0
10470,10,1.0
10471,10,5.0
10471,22,5.0
10473,21,5.0
10475,10,5.0
10479,10,2.0
10480,10,4.0
10486,10,2.0
10490,10,5.0
10492,10,5.0
10494,10,5.0
10499,10,4.0
10500,10,5.0
10501,10,2.0
10502,10,5.0
10505,10,1.0
10507,10,3.0
10511,10,4.0
10513,10,3.0
10516,10,5.0
10517,10,1.0
10524,10,3.0
10525,10,4.0
10526,10,2.0
10534,10,5.0
10535,10,3.0
10537,10,1.0
10543,10,2.0
10544,10,4.0
10548,10,5.0
10561,10,5.0
10562,10,1.0
10563,10,5.0
10564,10,3.0
10569,10,4.0
10574,10,1.0
10577,10,5.0
10578,10,5.0
10582,10,5.0
10585,10,5.0
10586,10,5.0
10587,10,5.0
10589,13,3.0
10597,10,5.0
10600,10,1.0
10600,11,5.0
10601,11,1.0
10605,10,5.0
10606,10,5.0
10609,10,5.0
10612,10,4.0
10616,10,1.0
10616,13,4.0
10617,10,2.0
10619,10,4.0
10622,10,1.0
10624,10,5.0
10632,10,5.0
10633,10,5.0
10636,10,1.0
10637,10,5.0
10638,10,4.0
10640,10,5.0
10642,10,1.0
10644,10,4.0
10654,10,2.0
10658,10,5.0
10660,10,2.0
10662,10,5.0
10664,10,1.0
10669,10,2.0
10671,10,5.0
10675,10,5.0
10679,10,5.0
10680,10,1.0
10684,10,2.0
10687,10,4.0
10696,10,5.0
10699,10,4.0
10699,10,4.0
10706,10,3.0
10710,10,3.0
10713,10,1.0
10719,10,1.0
10721,10,2.0
10727,10,4.0
10728,10,4.0
10731,10,4.0
10737,10,5.0
10738,10,5.0
10739,10,5.0
10740,10,3.0
10742,10,5.0
10743,10,4.0
10754,10,5.0
10756,10,5.0
10758,10,5.0
10762,10,5.0
10764,10,1.0
10767,10,5.0
10775,10,1.0
10781,10,5.0
10784,10,1.0
10791,10,4.0
10792,10,1.0
10793,10,5.0
10795,10,5.0
10797,10,5.0
10798,10,5.0
10801,10,1.0
10807,10,1.0
10815,10,2.0
10816,10,1.0
10818,10,5.0
10821,10,5.0
10828,10,5.0
10831,10,1.0
10832,10,1.0
10835,10,5.0
10836,10,1.0
10838,10,1.0
10839,10,1.0
10841,10,5.0
10844,10,5.0
10846,10,2.0
10853,10,1.0
10854,10,1.0
10856,10,5.0
10858,10,5.0
10859,10,4.0
10868,10,5.0
10869,10,1.0
10869,22,5.0
10872,10,3.0
10872,13,4.0
10874,10,1.0
10881,10,2.0
10881,13,1.0
10882,10,5.0
10885,10,5.0
10892,10,2.0
10893,10,5.0
10895,10,4.0
10897,10,5.0
10898,10,4.0
10900,10,1.0
10902,10,5.0
10904,10,4.0
10905,10,4.0
10907,10,3.0
10909,10,1.0
10913,10,5.0
10915,10,5.0
10920,10,5.0
10922,10,2.0
10923,10,4.0
10924,10,5.0
10930,10,1.0
10931,10,5.0
10932,10,2.0
10933,10,5.0
10935,10,5.0
10936,10,1.0
10937,10,5.0
10938,10,5.0
10941,10,5.0
10942,10,4.0
10944,10,3.0
10947,10,1.0
10950,10,2.0
10952,10,4.0
10953,10,5.0
10962,10,3.0
10963,10,3.0
10964,10,1.0
10968,10,5.0
10969,10,5.0
10974,10,5.0
10981,10,1.0
10982,10,5.0
10983,10,1.0
10991,10,3.0
10992,10,5.0
10995,10,4.0
10995,22,5.0
10998,10,4.0
11001,10,1.0
11003,10,5.0
11009,10,1.0
11010,10,5.0
11014,10,3.0
11021,10,5.0
11022,10,5.0
11024,10,1.0
11026,10,4.0
11028,10,5.0
11029,10,4.0
11031,10,5.0
11032,10,3.0
11035,11,1.0
11036,10,5.0
11045,10,5.0
11048,10,1.0
11054,10,1.0
11056,10,5.0
11057,10,5.0
11058,10,5.0
11061,10,3.0
11065,10,5.0
11066,10,1.0
11069,10,1.0
11072,10,4.0
11073,10,3.0
11073,13,4.0
11074,10,5.0
11076,10,5.0
11079,10,5.0
11084,10,1.0
11085,10,4.0
11086,10,5.0
11087,10,3.0
11090,10,4.0
11097,10,4.0
11100,10,5.0
11101,10,1.0
11104,10,5.0
11105,10,5.0
11112,10,5.0
11120,10,4.0
11123,10,4.0
11126,10,5.0
11128,10,5.0
11129,10,4.0
11130,10,3.0
11133,10,3.0
11134,16,1.0
11135,10,1.0
11138,10,5.0
11140,10,4.0
11143,10,1.0
11147,10,2.0
11151,10,3.0
11153,10,5.0
11155,10,3.0
11157,10,5.0
11159,10,5.0
11163,10,5.0
11164,10,5.0
11166,10,4.0
11167,10,4.0
11169,10,4.0
11171,10,5.0
11182,10,5.0
11193,10,5.0
11204,10,5.0
11208,10,5.0
11209,10,5.0
11210,10,5.0
11223,10,5.0
11223,11,5.0
11227,10,3.0
11228,10,5.0
11229,10,5.0
11234,10,1.0
11236,10,1.0
11240,10,3.0
11241,10,5.0
11242,10,1.0
11245,10,1.0
11248,10,1.0
11250,10,1.0
11252,10,1.0
11253,10,3.0
11254,10,3.0
11255,10,4.0
11256,10,5.0
11260,10,1.0
11263,10,5.0
11265,10,5.0
11268,10,1.0
11271,10,4.0
11283,10,5.0
11286,10,5.0
11291,10,1.0
11295,10,2.0
11297,10,5.0
11298,10,4.0
11302,10,5.0
11305,10,1.0
11309,10,2.0
11313,10,4.0
11315,10,1.0
11317,10,5.0
11319,10,5.0
11321,10,5.0
11322,10,1.0
11325,10,5.0
11326,10,5.0
11330,10,1.0
11332,10,5.0
11333,10,2.0
11336,10,3.0
11338,10,2.0
11339,10,5.0
11341,10,1.0
11343,10,5.0
11346,10,2.0
11352,10,5.0
11353,10,1.0
11354,10,5.0
11355,10,4.0
11357,10,1.0
11360,10,1.0
11362,10,1.0
11363,10,2.0
11372,10,5.0
11374,10,4.0
11375,10,4.0
11376,10,1.0
11380,10,3.0
11381,10,1.0
11385,10,4.0
11388,10,5.0
11389,10,5.0
11396,10,5.0
11399,10,3.0
11400,10,5.0
11401,10,5.0
11402,10,1.0
11404,10,4.0
11406,10,5.0
11407,10,4.0
11409,10,5.0
11417,11,5.0
11418,10,5.0
11419,10,1.0
11421,10,1.0
11424,10,5.0
11425,10,5.0
11427,10,4.0
11430,10,5.0
11433,10,2.0
11436,10,5.0
11442,10,5.0
11443,10,5.0
11445,10,5.0
11446,10,4.0
11455,10,3.0
11461,10,4.0
11462,10,1.0
11465,10,4.0
11466,10,5.0
11468,10,1.0
11471,10,5.0
11474,10,4.0
11477,10,1.0
11479,10,4.0
11483,10,5.0
11487,10,1.0
11497,10,4.0
11498,10,5.0
11499,10,5.0
11500,10,5.0
11506,10,4.0
11507,10,5.0
11508,10,5.0
11509,10,2.0
11512,10,3.0
11513,10,4.0
11518,10,4.0
11523,10,3.0
11524,10,5.0
11526,10,1.0
11527,10,5.0
11529,10,5.0
11530,10,1.0
11542,10,1.0
11544,10,5.0
11548,10,2.0
11549,10,4.0
11550,10,3.0
11553,10,5.0
11553,15,5.0
11557,10,1.0
11561,13,5.0
11563,10,5.0
11565,10,1.0
11567,10,4.0
11568,10,1.0
11569,10,5.0
11570,10,1.0
11572,10,1.0
11575,10,5.0
11577,10,3.0
11583,10,3.0
11586,10,4.0
11588,10,5.0
11589,10,1.0
11591,10,1.0
11600,10,5.0
11602,10,1.0
11604,10,5.0
11612,10,3.0
11614,10,5.0
11617,11,5.0
11618,11,3.0
11619,11,5.0
11620,11,4.0
11621,11,4.0
11622,11,4.0
11625,11,4.0
11626,11,5.0
11627,11,5.0
11628,11,1.0
11629,11,5.0
11631,11,4.0
11633,11,4.0
11634,11,2.0
11636,11,5.0
11638,11,1.0
11639,11,5.0
11640,11,5.0
11645,11,5.0
11647,11,5.0
11648,11,1.0
11649,11,5.0
11650,11,3.0
11651,11,5.0
11652,11,4.0
11654,11,4.0
11655,11,2.0
11658,11,5.0
11659,11,5.0
11661,11,5.0
11662,11,1.0
11664,11,5.0
11665,11,5.0
11666,11,1.0
11668,11,4.0
11671,11,4.0
11675,11,5.0
11677,11,2.0
11678,11,4.0
11679,11,5.0
11680,11,5.0
11681,11,1.0
11683,11,4.0
11684,11,5.0
11685,11,5.0
11686,11,1.0
11687,11,4.0
11688,11,4.0
11689,11,1.0
11690,11,5.0
11691,11,4.0
11692,11,1.0
11693,11,1.0
11694,11,5.0
11695,11,3.0
11696,11,4.0
11697,11,5.0
11698,11,3.0
11700,11,5.0
11701,11,4.0
11703,11,3.0
11704,11,2.0
11706,11,4.0
11707,11,3.0
11708,11,5.0
11709,11,1.0
11710,11,5.0
11711,11,5.0
11712,11,4.0
11714,11,1.0
11715,11,3.0
11717,11,3.0
11718,11,5.0
11719,11,5.0
11720,11,4.0
11721,11,5.0
11722,11,1.0
11723,11,3.0
11725,11,5.0
11726,11,5.0
11727,11,5.0
11728,11,5.0
11729,11,4.0
11731,11,5.0
11734,11,5.0
11736,11,4.0
11737,11,2.0
11738,11,1.0
11740,11,5.0
11741,11,5.0
11745,11,5.0
11746,11,5.0
11747,11,4.0
11749,11,5.0
11750,11,5.0
11751,11,1.0
11752,11,1.0
11754,11,5.0
11755,11,4.0
11756,11,5.0
11757,11,2.0
11758,11,5.0
11760,11,5.0
11761,11,4.0
11762,11,4.0
11763,11,5.0
11765,11,5.0
11766,11,5.0
11767,11,4.0
11768,11,5.0
11769,11,5.0
11770,11,5.0
11771,11,5.0
11772,11,4.0
11773,11,4.0
11774,11,3.0
11775,11,1.0
11778,11,3.0
11779,11,2.0
11780,11,2.0
11781,11,5.0
11782,11,1.0
11783,11,2.0
11785,11,4.0
11786,11,4.0
11787,11,1.0
11788,11,5.0
11789,11,5.0
11790,11,5.0
11791,11,5.0
11793,11,1.0
11794,11,5.0
11796,11,4.0
11801,11,1.0
11802,11,5.0
11804,11,2.0
11805,11,1.0
11806,11,2.0
11808,11,5.0
11811,11,5.0
11813,11,5.0
11814,11,2.0
11816,11,5.0
11817,11,5.0
11818,11,5.0
11819,11,2.0
11820,11,4.0
11822,11,4.0
11823,11,5.0
11825,11,3.0
11829,11,5.0
11830,11,5.0
11831,11,1.0
11831,12,1.0
11832,11,2.0
11833,11,5.0
11834,11,5.0
11835,11,4.0
11838,11,5.0
11839,11,2.0
11840,11,1.0
11841,11,5.0
11842,11,5.0
11843,11,1.0
11844,11,5.0
11845,11,3.0
11847,11,1.0
11848,11,1.0
11849,11,1.0
11850,11,5.0
11852,11,4.0
11853,11,5.0
11854,11,4.0
11855,11,1.0
11856,11,5.0
11857,11,5.0
11860,11,5.0
11861,11,4.0
11863,11,5.0
11864,11,1.0
11865,11,4.0
11866,11,4.0
11867,11,1.0
11868,11,4.0
11869,11,5.0
11870,11,5.0
11874,11,2.0
11875,11,5.0
11876,11,5.0
11878,11,3.0
11880,11,5.0
11882,11,3.0
11883,11,2.0
11884,11,3.0
11885,11,1.0
11886,11,5.0
11887,11,4.0
11888,11,5.0
11890,11,5.0
11891,11,5.0
11892,11,5.0
11893,11,5.0
11894,11,5.0
11895,11,5.0
11896,11,2.0
11897,11,5.0
11901,11,4.0
11903,11,5.0
11906,11,5.0
11907,11,5.0
11909,11,4.0
11911,11,5.0
11912,11,2.0
11913,11,5.0
11914,11,5.0
11917,11,5.0
11918,11,5.0
11919,11,1.0
11921,11,3.0
11922,11,5.0
11923,11,3.0
11924,11,2.0
11925,11,3.0
11926,11,4.0
11927,11,3.0
11929,11,4.0
11930,11,5.0
11931,11,3.0
11932,11,5.0
11933,11,4.0
11934,11,4.0
11936,11,4.0
11937,11,4.0
11938,11,5.0
11939,11,4.0
11942,11,2.0
11943,11,3.0
11944,11,3.0
11945,11,4.0
11946,11,5.0
11947,11,1.0
11948,11,1.0
11949,11,4.0
11950,11,4.0
11951,11,5.0
11952,11,4.0
11953,11,5.0
11954,11,5.0
11955,11,5.0
11956,11,4.0
11958,11,4.0
11959,11,5.0
11960,11,1.0
11961,11,5.0
11962,11,5.0
11964,11,4.0
11966,11,4.0
11967,11,1.0
11968,11,5.0
11971,11,3.0
11972,11,5.0
11973,11,5.0
11974,11,5.0
11975,11,5.0
11976,11,5.0
11978,11,5.0
11980,11,4.0
11981,11,5.0
11982,11,4.0
11983,11,1.0
11984,11,4.0
11987,11,4.0
11988,11,5.0
11989,22,2.0
11990,11,5.0
11992,11,1.0
11993,11,2.0
11997,11,2.0
11998,11,1.0
11999,11,5.0
12002,11,1.0
12004,11,3.0
12006,11,5.0
12007,11,5.0
12008,11,5.0
12009,11,1.0
12010,11,3.0
12011,11,5.0
12012,11,5.0
12014,11,1.0
12015,11,2.0
12016,11,3.0
12017,11,4.0
12018,11,5.0
12020,11,4.0
12021,11,1.0
12023,11,4.0
12024,11,4.0
12026,11,5.0
12027,11,3.0
12028,11,1.0
12030,11,3.0
12032,11,5.0
12034,11,2.0
12035,11,2.0
12040,11,4.0
12042,11,5.0
12043,11,1.0
12044,11,2.0
12046,11,3.0
12047,11,4.0
12048,11,1.0
12052,11,4.0
12053,11,3.0
12055,11,5.0
12056,11,5.0
12057,11,5.0
12058,11,1.0
12059,22,5.0
12060,11,4.0
12062,11,1.0
12063,11,1.0
12064,11,2.0
12065,11,1.0
12066,11,2.0
12068,11,5.0
12069,11,3.0
12073,11,5.0
12076,11,5.0
12077,11,5.0
12078,11,4.0
12079,11,3.0
12080,11,5.0
12082,11,5.0
12083,11,4.0
12084,11,5.0
12085,11,5.0
12088,11,5.0
12090,11,5.0
12092,11,5.0
12094,11,1.0
12095,11,1.0
12096,11,4.0
12097,11,5.0
12098,11,4.0
12099,11,5.0
12100,11,4.0
12101,11,5.0
12102,11,5.0
12103,11,1.0
12104,11,5.0
12105,11,5.0
12106,11,5.0
12107,11,5.0
12109,11,1.0
12110,11,4.0
12111,11,4.0
12112,11,4.0
12114,11,1.0
12115,11,5.0
12116,11,4.0
12117,11,5.0
12119,11,5.0
12120,11,4.0
12121,11,5.0
12123,11,4.0
12125,11,5.0
12126,11,4.0
12128,11,5.0
12130,11,4.0
12131,11,1.0
12132,11,5.0
12133,11,5.0
12135,11,5.0
12136,11,5.0
12137,11,5.0
12138,11,1.0
12139,11,4.0
12140,11,5.0
12141,11,4.0
12142,11,2.0
12144,11,5.0
12147,11,4.0
12149,11,5.0
12150,11,1.0
12150,22,4.0
12151,11,5.0
12152,11,3.0
12153,11,5.0
12155,11,4.0
12156,11,2.0
12157,11,5.0
12160,11,4.0
12162,11,1.0
12162,11,1.0
12163,11,5.0
12165,11,5.0
12166,11,5.0
12167,11,5.0
12169,11,4.0
12170,11,5.0
12171,11,4.0
12172,11,5.0
12173,11,1.0
12174,11,5.0
12175,11,5.0
12176,11,5.0
12177,11,5.0
12178,11,1.0
12179,11,2.0
12180,11,4.0
12182,11,5.0
12184,11,4.0
12188,11,5.0
12189,11,4.0
12190,11,5.0
12191,11,1.0
12194,11,5.0
12195,11,5.0
12196,11,1.0
12197,11,4.0
12198,11,4.0
12199,11,4.0
12200,11,4.0
12203,11,1.0
12206,11,5.0
12207,11,4.0
12208,11,4.0
12209,11,5.0
12211,11,5.0
12212,11,2.0
12213,11,5.0
12214,11,2.0
12215,11,1.0
12216,11,5.0
12219,11,3.0
12220,11,5.0
12221,11,5.0
12223,11,1.0
12224,11,1.0
12225,11,4.0
12226,11,5.0
12227,11,5.0
12229,11,5.0
12230,11,5.0
12231,11,3.0
12233,11,4.0
12234,11,1.0
12235,11,2.0
12237,11,2.0
12238,11,4.0
12241,11,5.0
12242,11,5.0
12244,11,5.0
12245,11,5.0
12248,11,1.0
12250,11,5.0
12251,11,4.0
12252,11,4.0
12253,11,5.0
12254,11,5.0
12255,11,5.0
12256,11,4.0
12257,11,4.0
12258,11,5.0
12259,11,4.0
12260,11,1.0
12262,11,5.0
12263,11,5.0
12264,11,5.0
12265,11,1.0
12266,11,1.0
12267,11,5.0
12268,11,1.0
12269,11,5.0
12270,11,1.0
12272,11,1.0
12276,11,5.0
12281,11,1.0
12282,11,1.0
12283,11,5.0
12286,11,1.0
12287,11,1.0
12288,11,5.0
12289,11,1.0
12290,11,3.0
12291,11,4.0
12292,11,5.0
12293,11,3.0
12295,11,4.0
12296,11,5.0
12298,11,1.0
12301,11,3.0
12302,11,5.0
12304,11,3.0
12305,11,1.0
12306,11,5.0
12309,11,5.0
12310,11,5.0
12311,11,3.0
12312,11,5.0
12316,11,1.0
12317,11,1.0
12321,12,3.0
12329,12,1.0
12330,12,1.0
12331,12,5.0
12332,12,1.0
12336,12,4.0
12338,12,1.0
12340,12,4.0
12342,12,2.0
12344,12,4.0
12345,12,1.0
12347,12,5.0
12347,13,2.0
12349,12,1.0
12350,12,1.0
12352,12,5.0
12354,12,1.0
12358,12,1.0
12359,12,5.0
12360,12,1.0
12362,12,1.0
12363,12,2.0
12364,12,1.0
12365,12,5.0
12366,12,1.0
12368,12,1.0
12371,12,1.0
12373,12,1.0
12374,12,1.0
12375,12,5.0
12378,12,4.0
12379,12,1.0
12380,12,5.0
12381,12,1.0
12383,12,4.0
12384,12,1.0
12386,12,1.0
12387,12,1.0
12390,12,4.0
12392,12,2.0
12393,12,5.0
12397,12,3.0
12398,12,3.0
12400,12,3.0
12403,12,4.0
12404,12,1.0
12405,12,2.0
12407,12,1.0
12410,12,5.0
12411,12,1.0
12412,12,3.0
12413,12,4.0
12416,12,1.0
12417,12,1.0
12418,12,2.0
12424,12,5.0
12428,12,1.0
12431,12,3.0
12434,12,1.0
12436,12,4.0
12437,12,5.0
12438,12,1.0
12439,12,1.0
12440,12,5.0
12441,12,4.0
12442,12,5.0
12444,12,5.0
12445,12,1.0
12446,12,2.0
12450,12,1.0
12452,12,1.0
12456,12,2.0
12464,12,1.0
12465,12,1.0
12472,12,3.0
12475,13,3.0
12476,13,2.0
12479,13,2.0
12481,13,2.0
12483,13,1.0
12484,13,1.0
12488,13,1.0
12493,13,5.0
12494,13,5.0
12495,13,1.0
12497,13,5.0
12500,13,1.0
12502,13,5.0
12503,13,5.0
12506,13,1.0
12507,13,5.0
12508,13,1.0
12514,13,1.0
12520,13,1.0
12521,13,4.0
12523,13,1.0
12524,13,1.0
12525,13,1.0
12527,13,1.0
12528,13,1.0
12531,13,4.0
12535,13,5.0
12542,13,1.0
12544,13,5.0
12547,13,3.0
12548,13,5.0
12554,13,5.0
12555,13,4.0
12556,13,5.0
12557,13,3.0
12559,13,4.0
12560,13,4.0
12563,13,4.0
12567,13,5.0
12570,13,5.0
12571,13,5.0
12572,13,5.0
12573,13,4.0
12575,13,5.0
12576,13,4.0
12580,13,4.0
12581,13,5.0
12583,13,5.0
12584,13,1.0
12588,13,1.0
12590,13,5.0
12595,13,5.0
12596,13,1.0
12599,13,5.0
12600,13,5.0
12603,13,4.0
12604,13,5.0
12605,13,3.0
12606,13,4.0
12607,13,2.0
12609,13,1.0
12610,13,4.0
12614,13,1.0
12615,13,3.0
12617,13,1.0
12619,13,3.0
12624,13,4.0
12629,13,5.0
12634,13,5.0
12635,13,4.0
12636,13,1.0
12645,13,4.0
12647,13,5.0
12648,13,1.0
12656,13,5.0
12658,13,3.0
12660,13,4.0
12661,13,5.0
12664,13,1.0
12665,13,5.0
12668,13,4.0
12668,22,1.0
12674,13,5.0
12683,13,3.0
12686,13,5.0
12687,13,3.0
12688,13,5.0
12689,13,3.0
12690,13,4.0
12691,13,2.0
12692,13,4.0
12693,13,4.0
12694,13,5.0
12695,13,5.0
12696,13,3.0
12698,13,1.0
12699,13,5.0
12701,13,5.0
12704,13,2.0
12705,13,4.0
12708,13,5.0
12709,13,1.0
12710,13,4.0
12711,13,5.0
12716,13,4.0
12717,13,5.0
12718,13,5.0
12720,13,5.0
12724,13,4.0
12726,13,5.0
12729,13,3.0
12731,13,4.0
12734,13,5.0
12735,13,4.0
12736,13,4.0
12736,13,4.0
12737,13,5.0
12745,13,3.0
12747,13,2.0
12748,13,5.0
12750,13,5.0
12754,13,4.0
12756,13,1.0
12758,13,5.0
12760,13,1.0
12761,22,5.0
12763,13,4.0
12763,22,4.0
12765,13,5.0
12766,13,4.0
12768,13,3.0
12773,13,5.0
12776,13,5.0
12779,13,4.0
12780,13,5.0
12784,22,2.0
12788,13,4.0
12791,13,1.0
12797,13,4.0
12798,13,1.0
12803,13,4.0
12804,13,1.0
12806,13,2.0
12809,13,2.0
12813,13,1.0
12814,13,2.0
12815,13,5.0
12819,13,3.0
12824,13,1.0
12824,16,5.0
12826,13,5.0
12827,13,4.0
12828,13,1.0
12829,13,5.0
12832,13,1.0
12834,13,3.0
12835,13,4.0
12837,13,5.0
12840,13,4.0
12842,13,1.0
12843,13,5.0
12845,13,1.0
12847,13,4.0
12849,13,5.0
12850,13,2.0
12852,13,4.0
12854,13,5.0
12861,13,2.0
12863,13,5.0
12864,13,4.0
12865,13,5.0
12867,13,1.0
12868,13,1.0
12876,13,3.0
12878,13,4.0
12882,13,1.0
12883,13,5.0
12890,13,4.0
12895,13,4.0
12896,13,1.0
12900,13,4.0
12904,13,1.0
12907,13,1.0
12911,13,1.0
12912,13,5.0
12913,13,5.0
12916,13,1.0
12918,13,5.0
12922,13,3.0
12923,13,2.0
12924,13,4.0
12925,13,5.0
12930,13,1.0
12931,13,1.0
12935,13,3.0
12936,13,1.0
12937,13,5.0
12941,13,2.0
12947,13,1.0
12948,13,4.0
12949,13,2.0
12953,13,5.0
12955,13,1.0
12956,13,1.0
12957,13,1.0
12959,13,4.0
12960,13,4.0
12961,13,5.0
12962,13,5.0
12963,13,5.0
12964,13,1.0
12965,13,5.0
12966,13,5.0
12970,13,5.0
12971,13,1.0
12975,13,4.0
12977,13,1.0
12979,13,5.0
12980,13,5.0
12981,13,5.0
12982,13,4.0
12988,13,4.0
12994,13,5.0
12995,13,1.0
12996,13,2.0
12998,13,5.0
13000,13,5.0
13001,13,5.0
13002,13,5.0
13007,13,5.0
13008,13,5.0
13010,13,3.0
13011,13,1.0
13012,13,2.0
13013,13,1.0
13016,13,1.0
13018,13,3.0
13019,13,4.0
13020,13,5.0
13021,13,5.0
13028,13,2.0
13030,13,4.0
13031,13,4.0
13033,13,4.0
13035,13,5.0
13036,13,1.0
13043,13,1.0
13044,13,1.0
13045,13,3.0
13051,13,1.0
13052,13,5.0
13052,13,1.0
13057,13,1.0
13058,13,1.0
13061,13,1.0
13063,13,4.0
13064,13,5.0
13066,13,4.0
13069,13,1.0
13077,13,1.0
13085,13,1.0
13086,13,5.0
13092,13,4.0
13094,13,5.0
13097,13,5.0
13099,13,1.0
13105,13,3.0
13108,13,1.0
13113,13,5.0
13114,13,1.0
13116,13,5.0
13117,13,1.0
13118,13,4.0
13121,13,5.0
13124,13,1.0
13132,13,2.0
13137,13,5.0
13138,13,1.0
13139,13,3.0
13140,13,1.0
13142,13,1.0
13143,13,5.0
13146,13,5.0
13147,13,4.0
13152,13,5.0
13157,13,5.0
13159,13,5.0
13162,13,5.0
13163,13,4.0
13164,13,1.0
13166,13,3.0
13168,13,4.0
13170,13,5.0
13172,13,5.0
13179,13,1.0
13180,13,5.0
13181,13,5.0
13182,13,1.0
13183,13,1.0
13184,13,1.0
13185,13,4.0
13189,13,4.0
13190,13,5.0
13192,13,2.0
13193,13,1.0
13194,13,5.0
13196,13,1.0
13200,13,1.0
13201,13,5.0
13207,13,4.0
13208,13,5.0
13212,13,5.0
13216,13,3.0
13222,13,4.0
13226,13,5.0
13229,13,4.0
13230,13,1.0
13231,13,5.0
13233,13,5.0
13236,13,4.0
13237,13,2.0
13238,13,4.0
13240,13,2.0
13242,13,4.0
13245,13,5.0
13246,13,1.0
13248,13,1.0
13250,13,5.0
13257,13,5.0
13259,13,5.0
13260,13,2.0
13262,13,2.0
13263,13,5.0
13264,13,1.0
13268,13,1.0
13269,13,5.0
13271,13,1.0
13273,13,4.0
13276,13,5.0
13279,13,2.0
13281,13,4.0
13285,13,5.0
13289,13,1.0
13291,13,5.0
13292,13,5.0
13293,13,5.0
13294,13,4.0
13300,13,1.0
13307,13,3.0
13308,13,3.0
13310,13,5.0
13313,13,4.0
13314,13,3.0
13317,13,2.0
13319,13,5.0
13320,13,5.0
13323,13,5.0
13324,13,5.0
13326,13,5.0
13326,22,5.0
13330,13,5.0
13335,13,1.0
13336,13,1.0
13338,13,4.0
13339,13,1.0
13343,13,2.0
13345,13,3.0
13346,13,2.0
13348,13,4.0
13349,13,1.0
13351,13,4.0
13352,13,1.0
13353,13,4.0
13355,13,3.0
13358,13,4.0
13359,13,5.0
13364,13,5.0
13365,13,5.0
13367,13,1.0
13371,13,2.0
13372,13,2.0
13373,13,5.0
13376,13,4.0
13377,13,1.0
13380,13,5.0
13382,13,5.0
13384,13,5.0
13387,13,1.0
13389,13,4.0
13390,13,5.0
13393,13,1.0
13400,13,5.0
13401,13,5.0
13402,13,4.0
13403,13,5.0
13407,13,4.0
13408,13,1.0
13409,13,4.0
13410,13,1.0
13416,13,4.0
13417,13,2.0
13421,13,5.0
13431,13,5.0
13434,13,4.0
13435,13,5.0
13436,13,3.0
13442,13,5.0
13444,13,5.0
13446,13,1.0
13453,13,5.0
13454,13,1.0
13457,13,1.0
13458,13,4.0
13461,13,5.0
13463,13,5.0
13466,13,4.0
13468,13,3.0
13469,13,5.0
13485,15,1.0
13486,13,3.0
13490,13,5.0
13494,13,1.0
13496,13,5.0
13498,13,5.0
13499,13,5.0
13502,13,4.0
13504,13,5.0
13505,13,4.0
13506,13,1.0
13507,13,5.0
13509,13,2.0
13511,13,4.0
13514,13,5.0
13515,13,5.0
13516,13,5.0
13517,13,5.0
13519,13,5.0
13526,13,5.0
13528,13,5.0
13535,13,5.0
13539,13,5.0
13540,13,5.0
13545,13,5.0
13546,13,5.0
13547,13,1.0
13550,13,1.0
13551,13,1.0
13552,13,3.0
13555,13,5.0
13558,13,2.0
13560,13,1.0
13561,13,1.0
13562,13,1.0
13564,13,1.0
13571,13,5.0
13573,13,1.0
13575,13,5.0
13577,13,1.0
13579,13,5.0
13581,13,2.0
13582,13,1.0
13584,13,5.0
13585,13,5.0
13587,13,5.0
13590,13,5.0
13591,13,3.0
13592,13,5.0
13595,13,1.0
13596,13,4.0
13598,13,5.0
13606,13,1.0
13607,13,5.0
13608,13,5.0
13609,13,5.0
13610,13,1.0
13611,13,5.0
13616,13,5.0
13618,13,1.0
13619,13,5.0
13623,13,4.0
13628,13,5.0
13629,13,5.0
13632,13,4.0
13634,13,1.0
13638,13,5.0
13640,13,4.0
13642,13,5.0
13648,13,1.0
13649,13,3.0
13650,13,4.0
13651,13,4.0
13653,13,1.0
13658,13,4.0
13659,13,5.0
13661,13,5.0
13662,13,5.0
13664,13,2.0
13665,13,4.0
13666,13,5.0
13667,13,1.0
13669,13,4.0
13670,13,3.0
13678,13,2.0
13681,13,3.0
13682,13,5.0
13683,13,5.0
13684,13,2.0
13686,13,2.0
13687,13,4.0
13688,13,5.0
13692,13,4.0
13693,13,3.0
13697,13,1.0
13698,13,4.0
13699,13,4.0
13700,13,5.0
13702,13,1.0
13703,13,5.0
13705,13,4.0
13706,13,3.0
13707,13,4.0
13708,13,4.0
13709,13,1.0
13710,13,5.0
13711,13,4.0
13712,13,5.0
13718,13,5.0
13721,13,5.0
13723,13,1.0
13724,13,1.0
13725,13,1.0
13726,13,5.0
13727,13,5.0
13728,13,5.0
13729,13,4.0
13731,13,1.0
13732,13,4.0
13733,13,4.0
13734,13,4.0
13737,13,4.0
13741,13,5.0
13743,13,3.0
13750,13,5.0
13755,13,4.0
13756,13,1.0
13758,13,1.0
13760,13,4.0
13761,13,5.0
13762,13,5.0
13765,13,5.0
13767,13,1.0
13768,22,1.0
13769,13,1.0
13772,13,5.0
13773,13,2.0
13777,13,1.0
13778,13,1.0
13780,13,5.0
13781,13,5.0
13788,13,1.0
13791,13,5.0
13792,13,4.0
13795,13,5.0
13798,13,4.0
13801,13,3.0
13803,13,1.0
13804,13,5.0
13809,13,1.0
13810,13,5.0
13811,13,5.0
13812,13,5.0
13813,13,1.0
13819,13,1.0
13821,13,1.0
13823,13,1.0
13824,13,3.0
13827,13,4.0
13829,13,4.0
13830,13,1.0
13831,13,5.0
13836,13,1.0
13838,13,5.0
13839,13,1.0
13840,13,3.0
13845,13,1.0
13849,13,5.0
13851,13,1.0
13860,13,5.0
13861,13,1.0
13865,13,5.0
13869,13,4.0
13871,13,5.0
13873,13,1.0
13874,13,5.0
13875,13,2.0
13878,13,1.0
13883,13,1.0
13884,13,3.0
13885,13,1.0
13886,22,4.0
13888,13,1.0
13889,13,5.0
13890,13,5.0
13893,13,5.0
13894,13,1.0
13895,13,1.0
13898,13,5.0
13902,13,1.0
13907,13,1.0
13910,14,5.0
13912,14,1.0
13913,14,5.0
13916,14,5.0
13918,14,5.0
13922,14,5.0
13923,14,5.0
13924,14,5.0
13925,14,2.0
13927,14,5.0
13928,14,5.0
13929,14,5.0
13930,14,5.0
13931,14,5.0
13932,14,5.0
13933,14,5.0
13935,14,5.0
13937,14,5.0
13938,14,5.0
13939,14,5.0
13941,14,5.0
13942,14,5.0
13950,15,5.0
13973,15,1.0
13994,15,4.0
14003,15,4.0
14025,15,2.0
14034,15,5.0
14051,15,1.0
14065,15,2.0
14088,15,5.0
14090,15,1.0
14098,15,1.0
14116,15,5.0
14134,15,1.0
14153,15,5.0
14155,15,5.0
14165,15,1.0
14183,15,3.0
14225,15,4.0
14226,15,4.0
14238,15,5.0
14239,15,5.0
14240,15,5.0
14241,15,1.0
14251,15,5.0
14254,15,1.0
14280,22,5.0
14284,15,5.0
14317,15,5.0
14318,15,4.0
14321,15,3.0
14329,15,5.0
14334,15,5.0
14349,15,4.0
14352,15,5.0
14353,15,4.0
14385,15,1.0
14399,15,1.0
14411,15,5.0
14416,15,5.0
14419,15,5.0
14430,15,4.0
14449,15,4.0
14453,15,5.0
14465,15,5.0
14473,15,1.0
14475,15,5.0
14504,15,5.0
14506,15,1.0
14508,15,5.0
14523,15,1.0
14536,15,3.0
14550,15,4.0
14552,15,4.0
14575,15,5.0
14576,15,5.0
14600,15,4.0
14602,15,5.0
14631,15,2.0
14640,15,1.0
14646,15,2.0
14654,15,5.0
14658,15,5.0
14666,15,1.0
14682,15,4.0
14684,15,1.0
14686,15,5.0
14695,15,4.0
14718,15,5.0
14725,15,5.0
14726,15,5.0
14729,15,5.0
14739,15,4.0
14742,15,5.0
14753,15,4.0
14756,15,1.0
14773,16,5.0
14785,16,5.0
14808,16,5.0
14827,16,5.0
14830,16,5.0
14848,16,1.0
14848,22,1.0
14861,16,5.0
14866,16,3.0
14883,16,5.0
14900,16,4.0
14912,16,5.0
14929,16,4.0
14942,16,5.0
14946,16,4.0
14958,16,5.0
14960,16,4.0
14996,16,5.0
14997,16,5.0
15039,16,5.0
15059,16,5.0
15072,16,5.0
15090,16,5.0
15128,16,5.0
15156,16,5.0
15164,16,1.0
15164,17,3.0
15164,22,3.0
15166,16,5.0
15200,16,5.0
15202,16,1.0
15220,16,4.0
15236,16,3.0
15247,16,5.0
15255,16,5.0
15264,16,5.0
15272,16,2.0
15274,16,5.0
15278,16,5.0
15304,16,5.0
15311,16,5.0
15328,16,1.0
15333,16,3.0
15345,16,1.0
15361,16,5.0
15418,16,5.0
15454,16,4.0
15465,16,4.0
15472,16,5.0
15505,16,4.0
15520,16,5.0
15528,16,5.0
15532,16,5.0
15550,16,5.0
15555,16,1.0
15563,16,5.0
15584,16,5.0
15597,16,5.0
15599,16,5.0
15600,16,5.0
15605,16,5.0
15613,16,4.0
15619,16,5.0
15621,16,5.0
15670,16,5.0
15675,16,5.0
15676,16,5.0
15677,16,5.0
15710,16,5.0
15723,16,2.0
15746,17,5.0
15755,17,5.0
15757,17,5.0
15767,17,5.0
15771,17,5.0
15779,17,1.0
15786,17,4.0
15791,17,5.0
15792,17,5.0
15793,17,4.0
15800,17,5.0
15801,17,5.0
15818,17,1.0
15822,17,4.0
15833,17,5.0
15834,17,5.0
15835,17,1.0
15845,17,1.0
15849,17,5.0
15855,17,5.0
15858,17,5.0
15867,18,5.0
15868,18,5.0
15869,18,5.0
15870,18,5.0
15871,18,5.0
15872,18,5.0
15875,18,4.0
15877,18,5.0
15880,18,5.0
15884,18,5.0
15886,18,5.0
15887,18,5.0
15890,22,4.0
15909,19,5.0
15918,19,5.0
15928,19,1.0
15936,19,5.0
15948,19,4.0
15973,19,1.0
16016,19,5.0
16018,19,4.0
16030,19,1.0
16057,19,1.0
16059,19,1.0
16084,19,4.0
16100,19,5.0
16116,20,5.0
16120,20,5.0
16124,20,4.0
16126,20,4.0
16127,20,5.0
16128,20,4.0
16129,20,5.0
16130,20,1.0
16131,20,1.0
16133,20,5.0
16135,20,4.0
16137,20,4.0
16138,20,1.0
16139,20,1.0
16143,20,2.0
16144,20,3.0
16146,20,5.0
16147,20,2.0
16192,21,5.0
16194,21,1.0
16199,21,4.0
16221,21,5.0
16230,21,1.0
16232,21,5.0
16238,21,1.0
16240,21,5.0
16248,21,4.0
16258,21,5.0
16261,21,5.0
16266,21,5.0
16276,21,1.0
16277,21,1.0
16290,21,4.0
16291,21,4.0
16296,21,5.0
16299,21,4.0
16309,21,4.0
16322,21,2.0
16324,21,5.0
16342,21,4.0
16369,21,1.0
16374,21,2.0
16381,21,5.0
16393,21,4.0
16394,21,4.0
16397,21,1.0
16398,21,5.0
16404,21,2.0
16411,21,1.0
16412,21,5.0
16413,21,1.0
16418,21,2.0
16423,21,5.0
16430,21,5.0
16439,21,4.0
16461,22,5.0
16464,22,5.0
16465,22,5.0
16478,22,5.0
16481,22,5.0
16482,22,5.0
16484,22,5.0
16489,22,5.0
16490,22,5.0
16493,22,5.0
16494,22,2.0
16495,22,5.0
16497,22,4.0
16500,22,5.0
16506,22,4.0
16507,22,5.0
16508,22,3.0
16509,22,1.0
16512,22,5.0
16515,22,3.0
16517,22,5.0
16520,22,5.0
16527,22,5.0
16528,22,5.0
16530,22,4.0
16531,22,1.0
16532,22,4.0
16533,22,1.0
16534,22,5.0
16536,22,1.0
16537,22,5.0
16541,22,4.0
16544,22,4.0
16549,22,4.0
16550,22,5.0
16551,22,5.0
16555,22,4.0
16556,22,2.0
16560,22,1.0
16560,22,1.0
16562,22,5.0
16564,22,5.0
16567,22,3.0
16570,22,2.0
16572,22,1.0
16574,22,5.0
16578,22,3.0
16581,22,1.0
16584,22,5.0
16585,22,5.0
16587,22,4.0
16588,22,4.0
16590,22,5.0
16593,22,5.0
16600,22,1.0
16603,22,5.0
16606,22,5.0
16612,22,4.0
16615,22,1.0
16618,22,5.0
16619,22,4.0
16620,22,3.0
16624,22,1.0
16625,22,4.0
16626,22,4.0
16630,22,1.0
16631,22,2.0
16634,22,2.0
16635,22,1.0
16642,22,5.0
16643,22,3.0
16644,22,5.0
16650,22,3.0
16652,22,5.0
16654,22,4.0
16657,22,5.0
16663,22,3.0
16664,22,1.0
16665,22,5.0
16669,22,3.0
16671,22,3.0
16672,22,5.0
16674,22,5.0
16677,22,1.0
16683,22,4.0
16685,22,4.0
16687,22,2.0
16690,22,5.0
16693,22,5.0
16694,22,3.0
16697,22,5.0
16700,22,5.0
16701,22,5.0
16702,22,5.0
16709,22,4.0
16711,22,2.0
16712,22,4.0
16714,22,5.0
16718,22,1.0
16724,22,4.0
16724,22,3.0
16726,22,5.0
16730,22,5.0
16731,22,5.0
16732,22,5.0
16733,22,1.0
16734,22,5.0
16735,22,3.0
16737,22,3.0
16738,22,1.0
16740,22,4.0
16744,22,4.0
16746,22,5.0
16747,22,5.0
16751,22,5.0
16752,22,3.0
16756,22,5.0
16759,22,5.0
16766,22,3.0
16769,22,1.0
16773,22,2.0
16774,22,3.0
16779,22,1.0
16781,22,3.0
16782,22,3.0
16785,22,5.0
16786,22,5.0
16789,22,4.0
16790,22,5.0
16795,22,4.0
16796,22,4.0
16797,22,4.0
16799,22,2.0
16802,22,5.0
16805,22,1.0
16814,22,4.0
16815,22,5.0
16821,22,4.0
16822,22,4.0
16823,22,5.0
16827,22,5.0
16829,22,5.0
16830,22,3.0
16831,22,4.0
16835,22,5.0
16835,22,5.0
16837,22,2.0
16838,22,4.0
16839,22,4.0
16840,22,5.0
16848,22,4.0
16853,22,3.0
16866,22,3.0
16869,22,4.0
16870,22,1.0
16873,22,3.0
16877,22,5.0
16880,22,1.0
16884,22,1.0
16885,22,5.0
16887,22,5.0
16889,22,4.0
16893,22,5.0
16898,22,1.0
16920,22,5.0
16926,22,4.0
16931,22,5.0
16932,22,5.0
16936,22,4.0
16938,22,5.0
16939,22,5.0
16942,22,5.0
16943,22,4.0
16944,22,5.0
16945,22,5.0
16946,22,3.0
16949,22,3.0
16952,22,1.0
16955,22,4.0
16956,22,3.0
16958,22,3.0
16959,22,1.0
16962,22,2.0
16968,22,5.0
16973,22,1.0
16976,22,4.0
16978,22,2.0
16979,22,1.0
16980,22,1.0
16982,22,5.0
16984,22,5.0
16994,22,5.0
16997,22,4.0
17002,22,5.0
17003,22,3.0
17004,22,4.0
17006,22,5.0
17008,22,5.0
17010,22,5.0
17011,22,4.0
17014,22,2.0
17019,22,5.0
17020,22,5.0
17022,22,5.0
17023,22,5.0
17032,22,3.0
17033,22,5.0
17039,22,3.0
17044,22,2.0
17045,22,5.0
17048,22,5.0
17050,22,5.0
17052,22,4.0
17053,22,5.0
17056,22,4.0
17059,22,4.0
17060,22,4.0
17061,22,4.0
17062,22,1.0
17065,22,4.0
17071,22,1.0
17072,22,1.0
17077,22,5.0
17080,22,5.0
17084,22,1.0
17086,22,5.0
17088,22,1.0
17091,22,4.0
17093,22,3.0
17095,22,4.0
17101,22,5.0
17102,22,4.0
17107,22,5.0
17109,22,5.0
17113,22,4.0
17116,22,5.0
17117,22,5.0
17118,22,3.0
17120,22,4.0
17121,22,4.0
17123,22,2.0
17127,22,4.0
17128,22,3.0
17129,22,3.0
17130,22,4.0
17136,22,1.0
17137,22,3.0
17138,22,4.0
17142,22,5.0
17144,22,3.0
17151,22,4.0
17154,22,5.0
17156,22,2.0
17157,22,3.0
17158,22,5.0
17159,22,5.0
17162,22,2.0
17167,22,5.0
17170,22,2.0
17171,22,5.0
17174,22,3.0
17176,22,5.0
17180,22,1.0
17181,22,5.0
17183,22,4.0
17187,22,3.0
17189,22,5.0
17190,22,4.0
17195,22,4.0
17197,22,4.0
17199,22,5.0
17200,22,5.0
17205,22,5.0
17206,22,2.0
17207,22,5.0
17209,22,5.0
17210,22,1.0
17212,22,5.0
17216,22,1.0
17219,22,4.0
17227,22,5.0
17230,22,5.0
17231,22,1.0
17234,22,4.0
17235,22,4.0
17236,22,5.0
17244,22,5.0
17246,22,4.0
17249,22,3.0
17250,22,5.0
17252,22,5.0
17258,22,1.0
17262,22,4.0
17268,22,1.0
17269,22,5.0
17270,22,1.0
17273,22,4.0
17279,22,5.0
17281,22,2.0
17283,22,4.0
17284,22,1.0
17286,22,2.0
17292,22,5.0
17294,22,4.0
17296,22,1.0
17298,22,1.0
17300,22,2.0
17302,22,4.0
17303,22,5.0
17313,22,5.0
17315,22,3.0
17317,22,1.0
17320,22,5.0
17322,22,1.0
17325,22,5.0
17327,22,1.0
17336,22,2.0
17338,22,5.0
17341,22,4.0
17343,22,1.0
17347,22,1.0
17348,22,4.0
17350,22,5.0
17352,22,1.0
17354,22,5.0
17355,22,1.0
17362,22,3.0
17363,22,4.0
17366,22,5.0
17367,22,2.0
17371,22,5.0
17375,22,5.0
17376,22,4.0
17380,22,5.0
17381,22,2.0
17383,22,5.0
17385,22,4.0
17386,22,1.0
17392,22,5.0
17395,22,3.0
17399,22,5.0
17403,22,4.0
17404,22,1.0
17405,22,1.0
